{"version":"0.4","title":"Footer","type":"page","content":[{"id":"7d294214","settings":{"stretch_section":"section-stretched","structure":"30","border_color":"#E0E6EA","margin":{"unit":"px","top":"60","right":0,"bottom":"0","left":0,"isLinked":false},"margin_tablet":{"unit":"px","top":"0","right":0,"bottom":"0","left":0,"isLinked":false}},"elements":[{"id":"73a35f87","settings":{"_column_size":33,"_inline_size":25,"border_border":"solid","border_width":{"unit":"px","top":"1","right":"0","bottom":"1","left":"1","isLinked":false},"border_color":"#E0E6EA","border_radius":{"unit":"px","top":"5","right":"0","bottom":"0","left":"5","isLinked":false},"margin":{"unit":"px","top":"0","right":"0","bottom":"0","left":"15","isLinked":false},"padding":{"unit":"px","top":"44","right":"15","bottom":"44","left":"15","isLinked":false},"_inline_size_tablet":100,"border_width_tablet":{"unit":"px","top":"0","right":"0","bottom":"0","left":"0","isLinked":false},"padding_tablet":{"unit":"px","top":"30","right":"0","bottom":"0","left":"0","isLinked":false}},"elements":[{"id":"63b92578","settings":{"gap":"no","structure":"30","margin_tablet":{"unit":"px","top":"","right":0,"bottom":"","left":0,"isLinked":true}},"elements":[{"id":"1c6dbc0a","settings":{"_column_size":33,"_inline_size":33,"_inline_size_tablet":2,"hide_tablet":"hidden-tablet","hide_mobile":"hidden-phone"},"elements":[],"isInner":true,"elType":"column"},{"id":"3970f323","settings":{"_column_size":33,"_inline_size":16,"_inline_size_tablet":5,"hide_tablet":"hidden-tablet","hide_mobile":"hidden-phone"},"elements":[{"id":"4d7d42cc","settings":{"selected_icon":{"value":"tb-icon tb-icon-email","library":"tbay-custom"},"primary_color":"#FF9D30","align":"left","size":{"unit":"px","size":40,"sizes":[]},"align_tablet":"right"},"elements":[],"isInner":false,"widgetType":"icon","elType":"widget"}],"isInner":true,"elType":"column"},{"id":"4517d54","settings":{"_column_size":33,"_inline_size":50.328000000000003,"content_position":"center","_inline_size_tablet":100},"elements":[{"id":"44de4a00","settings":{"title":"Sign up for\nNewsletter","title_color":"#0B132B","typography_typography":"custom","typography_font_family":"Nunito Sans","typography_font_size":{"unit":"px","size":14,"sizes":[]},"typography_font_weight":"700","typography_text_transform":"uppercase","typography_line_height":{"unit":"px","size":20,"sizes":[]},"_padding":{"unit":"px","top":"0","right":"18","bottom":"0","left":"18","isLinked":false},"align_tablet":"center","align_mobile":"center"},"elements":[],"isInner":false,"widgetType":"heading","elType":"widget"}],"isInner":true,"elType":"column"}],"isInner":true,"elType":"section"}],"isInner":false,"elType":"column"},{"id":"1c67289f","settings":{"_column_size":33,"_inline_size":25,"content_position":"center","border_border":"solid","border_width":{"unit":"px","top":"1","right":"0","bottom":"1","left":"0","isLinked":false},"border_color":"#E0E6EA","padding":{"unit":"px","top":"44","right":"15","bottom":"44","left":"15","isLinked":false},"_inline_size_tablet":100,"border_width_tablet":{"unit":"px","top":"0","right":"0","bottom":"0","left":"0","isLinked":false},"padding_tablet":{"unit":"px","top":"5","right":"0","bottom":"15","left":"0","isLinked":false},"padding_mobile":{"unit":"px","top":"7","right":"15","bottom":"15","left":"15","isLinked":false}},"elements":[{"id":"414353f6","settings":{"title":"Subscribe to the weekly newsletter for all the\nlatest updates","title_color":"#6A7180","typography_typography":"custom","typography_font_family":"Roboto","typography_font_size":{"unit":"px","size":14,"sizes":[]},"typography_font_weight":"400","typography_line_height":{"unit":"px","size":20,"sizes":[]},"align_tablet":"center","align_mobile":"center"},"elements":[],"isInner":false,"widgetType":"heading","elType":"widget"}],"isInner":false,"elType":"column"},{"id":"1e460c30","settings":{"_column_size":33,"_inline_size":49.664000000000001,"content_position":"center","align":"center","border_border":"solid","border_width":{"unit":"px","top":"1","right":"1","bottom":"1","left":"0","isLinked":false},"border_color":"#E0E6EA","border_radius":{"unit":"px","top":"0","right":"5","bottom":"5","left":"0","isLinked":false},"padding":{"unit":"px","top":"44","right":"15","bottom":"44","left":"15","isLinked":false},"_inline_size_tablet":100,"align_mobile":"center","border_width_tablet":{"unit":"px","top":"0","right":"0","bottom":"0","left":"0","isLinked":false},"padding_tablet":{"unit":"px","top":"20","right":"0","bottom":"20","left":"0","isLinked":false},"padding_mobile":{"unit":"px","top":"0","right":"0","bottom":"0","left":"0","isLinked":false},"margin":{"unit":"px","top":"0","right":"15","bottom":"0","left":"0","isLinked":false}},"elements":[{"id":"7d152bd2","settings":{"border_button_color":"#C43131","button_margin":{"unit":"px","top":"4","right":"4","bottom":"4","left":"4","isLinked":true},"_border_border":"solid","input_margin":{"unit":"px","top":"2","right":"0","bottom":"2","left":"0","isLinked":false},"_border_width":{"unit":"px","top":"1","right":"1","bottom":"1","left":"1","isLinked":true},"_border_color":"#E0E6EA","button_border_radius":{"unit":"px","top":"5","right":"5","bottom":"5","left":"5","isLinked":true},"_border_radius":{"unit":"px","top":"5","right":"5","bottom":"5","left":"5","isLinked":true},"width_input":{"unit":"px","size":185,"sizes":[]},"icon_hide":"none","_css_classes":"m-auto","align_input_mobile":"left","width_input_mobile":{"unit":"px","size":145,"sizes":[]},"button_bacground":"#FF9D30"},"elements":[],"isInner":false,"widgetType":"tbay-newsletter","elType":"widget"}],"isInner":false,"elType":"column"}],"isInner":false,"elType":"section"},{"id":"5686190a","settings":{"stretch_section":"section-stretched","structure":"50","padding":{"unit":"px","top":"32","right":"0","bottom":"32","left":"0","isLinked":false},"margin_mobile":{"unit":"px","top":"","right":0,"bottom":"","left":0,"isLinked":true},"padding_mobile":{"unit":"px","top":"0","right":"0","bottom":"0","left":"0","isLinked":true}},"elements":[{"id":"6bcc4ea2","settings":{"_column_size":20,"_inline_size":17,"margin":{"unit":"px","top":"28","right":"0","bottom":"0","left":"0","isLinked":false}},"elements":[{"id":"ce04403","settings":{"title":"INFORMATON","title_color":"#0B132B","typography_typography":"custom","typography_font_family":"Nunito Sans","typography_font_size":{"unit":"px","size":14,"sizes":[]},"typography_font_weight":"700","typography_line_height":{"unit":"px","size":22,"sizes":[]},"_padding":{"unit":"px","top":"0","right":"0","bottom":"16","left":"0","isLinked":false},"_padding_mobile":{"unit":"px","top":"20","right":"0","bottom":"10","left":"0","isLinked":false}},"elements":[],"isInner":false,"widgetType":"heading","elType":"widget"},{"id":"3a395e6f","settings":{"wp":{"title":"","nav_menu":"56"}},"elements":[],"isInner":false,"widgetType":"wp-widget-nav_menu","elType":"widget"}],"isInner":false,"elType":"column"},{"id":"39b73bb4","settings":{"_column_size":20,"_inline_size":11,"margin":{"unit":"px","top":"28","right":"0","bottom":"0","left":"0","isLinked":false}},"elements":[{"id":"77fbd05d","settings":{"title":"HELP","title_color":"#0B132B","typography_typography":"custom","typography_font_family":"Nunito Sans","typography_font_size":{"unit":"px","size":14,"sizes":[]},"typography_font_weight":"700","typography_line_height":{"unit":"px","size":22,"sizes":[]},"_padding":{"unit":"px","top":"0","right":"0","bottom":"16","left":"0","isLinked":false},"_padding_mobile":{"unit":"px","top":"20","right":"0","bottom":"10","left":"0","isLinked":false}},"elements":[],"isInner":false,"widgetType":"heading","elType":"widget"},{"id":"49e776a5","settings":{"wp":{"title":"","nav_menu":"57"}},"elements":[],"isInner":false,"widgetType":"wp-widget-nav_menu","elType":"widget"}],"isInner":false,"elType":"column"},{"id":"7b44bd13","settings":{"_column_size":20,"_inline_size":44},"elements":[{"id":"6cbc7e8a","settings":{"image_logo":{"url":"https:\/\/elementor.thembay.com\/diza_medicine\/wp-content\/uploads\/2020\/07\/logo-footer.png","id":1832},"align":"center","align_mobile":"left","hide_mobile":"hidden-phone"},"elements":[],"isInner":false,"widgetType":"diza-site-logo","elType":"widget"},{"id":"457af594","settings":{"editor":"<p>1203, Town Center,<\/p><p>Drive FL 33458 United States<\/p>","text_color":"#6A7180","typography_typography":"custom","typography_font_family":"Roboto","typography_font_size":{"unit":"px","size":14,"sizes":[]},"typography_line_height":{"unit":"px","size":24,"sizes":[]},"_padding":{"unit":"px","top":"24","right":"0","bottom":"0","left":"0","isLinked":false},"align":"center","align_tablet":"center","align_mobile":"left","_padding_mobile":{"unit":"px","top":"40","right":"0","bottom":"0","left":"0","isLinked":false}},"elements":[],"isInner":false,"widgetType":"text-editor","elType":"widget"},{"id":"66fec553","settings":{"editor":"<p><span style=\"color: #6a7180;\"><a style=\"color: #6a7180;\" href=\"tel:0123456789\">0123-456-789<\/a><\/span><\/p>","_padding":{"unit":"px","top":"20","right":"0","bottom":"0","left":"0","isLinked":false},"align":"center","align_tablet":"center","align_mobile":"left"},"elements":[],"isInner":false,"widgetType":"text-editor","elType":"widget"},{"id":"653a1634","settings":{"editor":"<p><span style=\"color: #6a7180;\"><a style=\"color: #6a7180;\" href=\"tel:84112345678\">841 123 456 78<\/a><\/span><\/p>","_padding":{"unit":"px","top":"0","right":"0","bottom":"0","left":"0","isLinked":false},"align":"center","align_tablet":"center","align_mobile":"left"},"elements":[],"isInner":false,"widgetType":"text-editor","elType":"widget"},{"id":"73f8e752","settings":{"social_icon_list":[{"social_icon":{"value":"zmdi zmdi-facebook","library":"material-design-iconic"},"_id":"ca3f9a4","link":{"url":"https:\/\/www.facebook.com\/thembayteam","is_external":"true","nofollow":"","custom_attributes":""},"item_icon_color":"custom","item_icon_primary_color":"#FFFFFF","item_icon_secondary_color":"#B1B7BF"},{"social_icon":{"value":"zmdi zmdi-twitter","library":"material-design-iconic"},"_id":"8686e60","link":{"url":"https:\/\/twitter.com\/bay_them","is_external":"true","nofollow":"","custom_attributes":""},"item_icon_color":"custom","item_icon_primary_color":"#FFFFFF","item_icon_secondary_color":"#B1B7BF"},{"social_icon":{"value":"zmdi zmdi-youtube-play","library":"material-design-iconic"},"_id":"dfcc7f2","link":{"url":"https:\/\/www.youtube.com\/c\/thembay","is_external":"true","nofollow":"","custom_attributes":""},"item_icon_color":"custom","item_icon_primary_color":"#FFFFFF","item_icon_secondary_color":"#B1B7BF"},{"social_icon":{"value":"zmdi zmdi-instagram","library":"material-design-iconic"},"link":{"url":"https:\/\/www.instagram.com\/thembayteam\/","is_external":"true","nofollow":"","custom_attributes":""},"item_icon_color":"custom","item_icon_primary_color":"#FFFFFF","item_icon_secondary_color":"#B1B7BF","_id":"4546091"}],"shape":"square","icon_color":"custom","icon_size":{"unit":"px","size":16,"sizes":[]},"icon_spacing":{"unit":"px","size":11,"sizes":[]},"_margin":{"unit":"px","top":"0","right":"0","bottom":"0","left":"0","isLinked":false},"icon_padding":{"unit":"em","size":0.10000000000000001,"sizes":[]},"hover_secondary_color":"#FF9D30","_padding":{"unit":"px","top":"26","right":"0","bottom":"0","left":"0","isLinked":false},"align_mobile":"left"},"elements":[],"isInner":false,"widgetType":"social-icons","elType":"widget"}],"isInner":false,"elType":"column"},{"id":"67970f7d","settings":{"_column_size":20,"_inline_size":15,"margin":{"unit":"px","top":"28","right":"0","bottom":"0","left":"0","isLinked":false}},"elements":[{"id":"288d9bea","settings":{"title":"SUPPORT","title_color":"#0B132B","typography_typography":"custom","typography_font_family":"Nunito Sans","typography_font_size":{"unit":"px","size":14,"sizes":[]},"typography_font_weight":"700","typography_line_height":{"unit":"px","size":22,"sizes":[]},"_padding":{"unit":"px","top":"0","right":"0","bottom":"16","left":"0","isLinked":false},"_padding_mobile":{"unit":"px","top":"20","right":"0","bottom":"10","left":"0","isLinked":false}},"elements":[],"isInner":false,"widgetType":"heading","elType":"widget"},{"id":"6b553575","settings":{"wp":{"title":"","nav_menu":"58"}},"elements":[],"isInner":false,"widgetType":"wp-widget-nav_menu","elType":"widget"}],"isInner":false,"elType":"column"},{"id":"6bf0318e","settings":{"_column_size":20,"_inline_size":12.871,"margin":{"unit":"px","top":"28","right":"0","bottom":"0","left":"0","isLinked":false}},"elements":[{"id":"76661e1a","settings":{"title":"ACCOUNT","title_color":"#0B132B","typography_typography":"custom","typography_font_family":"Nunito Sans","typography_font_size":{"unit":"px","size":14,"sizes":[]},"typography_font_weight":"700","typography_line_height":{"unit":"px","size":22,"sizes":[]},"_padding":{"unit":"px","top":"0","right":"0","bottom":"16","left":"0","isLinked":false},"_padding_mobile":{"unit":"px","top":"20","right":"0","bottom":"10","left":"0","isLinked":false}},"elements":[],"isInner":false,"widgetType":"heading","elType":"widget"},{"id":"529b19","settings":{"wp":{"title":"","nav_menu":"125"}},"elements":[],"isInner":false,"widgetType":"wp-widget-nav_menu","elType":"widget"}],"isInner":false,"elType":"column"}],"isInner":false,"elType":"section"},{"id":"514edb56","settings":{"stretch_section":"section-stretched","content_position":"middle","structure":"20","background_background":"classic","margin":{"unit":"px","top":"0","right":0,"bottom":"0","left":0,"isLinked":false},"padding":{"unit":"px","top":"24","right":"0","bottom":"24","left":"0","isLinked":false},"padding_mobile":{"unit":"px","top":"15","right":"0","bottom":"15","left":"0","isLinked":false},"reverse_order_mobile":"reverse-mobile","border_border":"solid","border_width":{"unit":"px","top":"1","right":"0","bottom":"0","left":"0","isLinked":false},"border_color":"#E0E6EA","margin_mobile":{"unit":"px","top":"20","right":0,"bottom":"0","left":0,"isLinked":false}},"elements":[{"id":"3ce373e4","settings":{"_column_size":50,"_inline_size":null},"elements":[{"id":"455fb86f","settings":{"editor":"<p>Copyright \u00a9 2020 <span style=\"color: #ff9d30;\"><a style=\"color: #ff9d30;\" href=\"https:\/\/thembay.com\/\">Diza<\/a><\/span>. All Rights Reserved.<\/p>","text_color":"#6A7180","_padding_mobile":{"unit":"px","top":"15","right":"0","bottom":"0","left":"0","isLinked":false}},"elements":[],"isInner":false,"widgetType":"text-editor","elType":"widget"}],"isInner":false,"elType":"column"},{"id":"18a33e73","settings":{"_column_size":50,"_inline_size":null},"elements":[{"id":"14d78222","settings":{"image":{"url":"https:\/\/elementor.thembay.com\/diza_medicine\/wp-content\/uploads\/2020\/06\/payment.png","id":488},"image_size":"full","align":"right","align_mobile":"left"},"elements":[],"isInner":false,"widgetType":"image","elType":"widget"}],"isInner":false,"elType":"column"}],"isInner":false,"elType":"section"}]}