{"version":"0.4","title":"Footer","type":"page","content":[{"id":"37cdf2b2","settings":{"stretch_section":"section-stretched","background_background":"classic","background_color":"#F5F7EC","margin":{"unit":"px","top":"","right":0,"bottom":"","left":0,"isLinked":true},"padding":{"unit":"px","top":"40","right":"0","bottom":"50","left":"0","isLinked":false},"margin_tablet":{"unit":"px","top":"","right":0,"bottom":"","left":0,"isLinked":true},"padding_tablet":{"unit":"px","top":"25","right":"0","bottom":"0","left":"0","isLinked":false}},"elements":[{"id":"3528cfa6","settings":{"_column_size":100,"_inline_size":null},"elements":[{"id":"1e39b151","settings":{"features":[{"feature_title":"DO YOU HAVE A QUESTION?","feature_desc":"0123-456-789","feature_type":"icon","type_icon":{"value":"tb-icon tb-icon-telephone","library":"tbay-custom"},"type_image":{"url":"","id":""},"feature_margin_icon":{"unit":"px","top":"","right":"","bottom":"","left":"","isLinked":true},"feature_margin_icon_tablet":{"unit":"px","top":"","right":"","bottom":"","left":"","isLinked":true},"feature_margin_icon_mobile":{"unit":"px","top":"","right":"","bottom":"","left":"","isLinked":true},"_id":"4734fbd","feature_font_size_icon":{"unit":"px","size":20,"sizes":[]},"feature_font_size_icon_tablet":{"unit":"px","size":"","sizes":[]},"feature_font_size_icon_mobile":{"unit":"px","size":"","sizes":[]}},{"feature_title":"OFFER QUESTION?","feature_desc":"info@example.com","feature_type":"icon","type_icon":{"value":"tb-icon tb-icon-email","library":"tbay-custom"},"type_image":{"url":"","id":""},"feature_margin_icon":{"unit":"px","top":"","right":"","bottom":"","left":"","isLinked":true},"feature_margin_icon_tablet":{"unit":"px","top":"","right":"","bottom":"","left":"","isLinked":true},"feature_margin_icon_mobile":{"unit":"px","top":"","right":"","bottom":"","left":"","isLinked":true},"feature_font_size_icon":{"unit":"px","size":20,"sizes":[]},"feature_font_size_icon_tablet":{"unit":"px","size":"","sizes":[]},"feature_font_size_icon_mobile":{"unit":"px","size":"","sizes":[]},"_id":"408018e"},{"feature_title":"SUPPORT QUESTION?","feature_desc":"Store location","feature_type":"icon","type_icon":{"value":"tb-icon tb-icon-location","library":"tbay-custom"},"type_image":{"url":"","id":""},"feature_margin_icon":{"unit":"px","top":"","right":"","bottom":"","left":"","isLinked":true},"feature_margin_icon_tablet":{"unit":"px","top":"","right":"","bottom":"","left":"","isLinked":true},"feature_margin_icon_mobile":{"unit":"px","top":"","right":"","bottom":"","left":"","isLinked":true},"feature_font_size_icon":{"unit":"px","size":20,"sizes":[]},"feature_font_size_icon_tablet":{"unit":"px","size":"","sizes":[]},"feature_font_size_icon_mobile":{"unit":"px","size":"","sizes":[]},"_id":"9c5be78"}],"feature_font_size_icon":{"unit":"px","size":28,"sizes":[]},"feature_margin_icon":{"unit":"px","top":"11","right":"16","bottom":"0","left":"0","isLinked":false},"features_title_typography_typography":"custom","features_title_typography_font_family":"Nunito Sans","features_title_typography_font_size":{"unit":"px","size":14,"sizes":[]},"features_title_typography_font_weight":"bold","features_title_typography_text_transform":"uppercase","features_title_typography_line_height":{"unit":"px","size":20,"sizes":[]},"feature_title_color":"#0B132B","features_title_desc_typography":"custom","features_title_desc_font_family":"Roboto","features_title_desc_font_size":{"unit":"px","size":24,"sizes":[]},"features_title_desc_line_height":{"unit":"px","size":30,"sizes":[]},"feature_desc_color":"#0B132B","spacing_desc":{"unit":"px","top":"0","right":"0","bottom":"0","left":"0","isLinked":false},"feature_align":"left","column_tablet":"3","column":"3","col_desktop":"3","col_desktopsmall":"3","features_title_typography_font_size_tablet":{"unit":"px","size":16,"sizes":[]},"features_title_typography_line_height_tablet":{"unit":"px","size":22,"sizes":[]},"features_title_desc_font_size_tablet":{"unit":"px","size":15,"sizes":[]},"features_title_desc_line_height_tablet":{"unit":"px","size":22,"sizes":[]},"column_mobile":"1"},"elements":[],"isInner":false,"widgetType":"tbay-features","elType":"widget"}],"isInner":false,"elType":"column"}],"isInner":false,"elType":"section"},{"id":"6aa08637","settings":{"stretch_section":"section-stretched","structure":"30","border_color":"#E0E6EA","margin":{"unit":"px","top":"","right":0,"bottom":"","left":0,"isLinked":true},"margin_tablet":{"unit":"px","top":"0","right":0,"bottom":"0","left":0,"isLinked":false},"background_background":"classic","background_color":"#F5F7EC"},"elements":[{"id":"6c1762c7","settings":{"_column_size":33,"_inline_size":25,"border_border":"solid","border_width":{"unit":"px","top":"1","right":"0","bottom":"1","left":"1","isLinked":false},"border_color":"#E0E6EA","border_radius":{"unit":"px","top":"5","right":"0","bottom":"0","left":"5","isLinked":false},"margin":{"unit":"px","top":"0","right":"0","bottom":"0","left":"15","isLinked":false},"padding":{"unit":"px","top":"39","right":"15","bottom":"39","left":"15","isLinked":false},"_inline_size_tablet":100,"border_width_tablet":{"unit":"px","top":"0","right":"0","bottom":"0","left":"0","isLinked":false},"padding_tablet":{"unit":"px","top":"35","right":"0","bottom":"0","left":"0","isLinked":false},"background_background":"classic","background_color":"#FFFFFF","margin_tablet":{"unit":"px","top":"0","right":"0","bottom":"0","left":"0","isLinked":false}},"elements":[{"id":"7d5371c2","settings":{"gap":"no","structure":"30","margin_tablet":{"unit":"px","top":"","right":0,"bottom":"","left":0,"isLinked":true}},"elements":[{"id":"67a6a9eb","settings":{"_column_size":33,"_inline_size":33,"_inline_size_tablet":2,"hide_tablet":"hidden-tablet","hide_mobile":"hidden-phone"},"elements":[],"isInner":true,"elType":"column"},{"id":"1dcb0ab","settings":{"_column_size":33,"_inline_size":16,"_inline_size_tablet":5,"hide_tablet":"hidden-tablet","hide_mobile":"hidden-phone"},"elements":[{"id":"7d96bd34","settings":{"selected_icon":{"value":"tb-icon tb-icon-email","library":"tbay-custom"},"primary_color":"#9BC33B","align":"left","size":{"unit":"px","size":40,"sizes":[]},"align_tablet":"right"},"elements":[],"isInner":false,"widgetType":"icon","elType":"widget"}],"isInner":true,"elType":"column"},{"id":"6c208c8","settings":{"_column_size":33,"_inline_size":50.328000000000003,"content_position":"center","_inline_size_tablet":100},"elements":[{"id":"4111f0","settings":{"title":"Sign up for Newsletter","title_color":"#0B132B","typography_typography":"custom","typography_font_family":"Nunito Sans","typography_font_size":{"unit":"px","size":14,"sizes":[]},"typography_font_weight":"700","typography_text_transform":"uppercase","typography_line_height":{"unit":"px","size":20,"sizes":[]},"_padding":{"unit":"px","top":"0","right":"18","bottom":"0","left":"18","isLinked":false},"align_tablet":"center","align_mobile":"center","typography_font_size_tablet":{"unit":"px","size":16,"sizes":[]},"typography_line_height_tablet":{"unit":"px","size":23,"sizes":[]}},"elements":[],"isInner":false,"widgetType":"heading","elType":"widget"}],"isInner":true,"elType":"column"}],"isInner":true,"elType":"section"}],"isInner":false,"elType":"column"},{"id":"784095a1","settings":{"_column_size":33,"_inline_size":25,"content_position":"center","border_border":"solid","border_width":{"unit":"px","top":"1","right":"0","bottom":"1","left":"0","isLinked":false},"border_color":"#E0E6EA","padding":{"unit":"px","top":"39","right":"15","bottom":"39","left":"15","isLinked":false},"_inline_size_tablet":100,"border_width_tablet":{"unit":"px","top":"0","right":"0","bottom":"0","left":"0","isLinked":false},"padding_tablet":{"unit":"px","top":"5","right":"0","bottom":"15","left":"0","isLinked":false},"padding_mobile":{"unit":"px","top":"7","right":"15","bottom":"15","left":"15","isLinked":false},"background_background":"classic","background_color":"#FFFFFF"},"elements":[{"id":"2d20ab55","settings":{"title":"Subscribe to the weekly newsletter for all the\nlatest updates","title_color":"#6A7180","typography_typography":"custom","typography_font_family":"Roboto","typography_font_size":{"unit":"px","size":14,"sizes":[]},"typography_font_weight":"400","typography_line_height":{"unit":"px","size":20,"sizes":[]},"align_tablet":"center","align_mobile":"center"},"elements":[],"isInner":false,"widgetType":"heading","elType":"widget"}],"isInner":false,"elType":"column"},{"id":"7fbeb6b0","settings":{"_column_size":33,"_inline_size":49.664000000000001,"content_position":"center","align":"center","border_border":"solid","border_width":{"unit":"px","top":"1","right":"1","bottom":"1","left":"0","isLinked":false},"border_color":"#E0E6EA","border_radius":{"unit":"px","top":"0","right":"5","bottom":"5","left":"0","isLinked":false},"padding":{"unit":"px","top":"39","right":"15","bottom":"39","left":"15","isLinked":false},"_inline_size_tablet":100,"align_mobile":"center","border_width_tablet":{"unit":"px","top":"0","right":"0","bottom":"0","left":"0","isLinked":false},"padding_tablet":{"unit":"px","top":"10","right":"0","bottom":"40","left":"0","isLinked":false},"padding_mobile":{"unit":"px","top":"0","right":"0","bottom":"30","left":"0","isLinked":false},"background_background":"classic","background_color":"#FFFFFF","margin":{"unit":"px","top":"0","right":"15","bottom":"0","left":"0","isLinked":false}},"elements":[{"id":"ac3e3e1","settings":{"border_button_color":"#C43131","button_margin":{"unit":"px","top":"4","right":"4","bottom":"4","left":"4","isLinked":true},"_border_border":"solid","input_margin":{"unit":"px","top":"2","right":"0","bottom":"2","left":"0","isLinked":false},"_border_width":{"unit":"px","top":"1","right":"1","bottom":"1","left":"1","isLinked":true},"_border_color":"#E0E6EA","button_border_radius":{"unit":"px","top":"5","right":"5","bottom":"5","left":"5","isLinked":true},"_border_radius":{"unit":"px","top":"5","right":"5","bottom":"5","left":"5","isLinked":true},"width_input":{"unit":"px","size":185,"sizes":[]},"icon_hide":"none","_css_classes":"m-auto","align_input_mobile":"left","width_input_mobile":{"unit":"px","size":145,"sizes":[]},"button_bacground":"#9BC33B"},"elements":[],"isInner":false,"widgetType":"tbay-newsletter","elType":"widget"}],"isInner":false,"elType":"column"}],"isInner":false,"elType":"section"},{"id":"74d9118","settings":{"stretch_section":"section-stretched","structure":"40","background_background":"classic","background_color":"#F5F7EC","padding":{"unit":"px","top":"57","right":"0","bottom":"50","left":"0","isLinked":false},"padding_mobile":{"unit":"px","top":"40","right":"0","bottom":"40","left":"0","isLinked":false}},"elements":[{"id":"2ef9ca24","settings":{"_column_size":25,"_inline_size":null},"elements":[{"id":"770c77f7","settings":{"title":"INFORMATON","title_color":"#0B132B","typography_typography":"custom","typography_font_family":"Nunito Sans","typography_font_size":{"unit":"px","size":14,"sizes":[]},"typography_font_weight":"700","typography_line_height":{"unit":"px","size":22,"sizes":[]},"_padding":{"unit":"px","top":"0","right":"0","bottom":"6","left":"0","isLinked":false},"_padding_mobile":{"unit":"px","top":"20","right":"0","bottom":"10","left":"0","isLinked":false}},"elements":[],"isInner":false,"widgetType":"heading","elType":"widget"},{"id":"2efc4b88","settings":{"width":{"unit":"px","size":95,"sizes":[]},"text":"Divider","color":"#9BC33B","weight":{"unit":"px","size":2,"sizes":[]},"gap":{"unit":"px","size":0,"sizes":[]},"_padding":{"unit":"px","top":"0","right":"0","bottom":"24","left":"0","isLinked":false}},"elements":[],"isInner":false,"widgetType":"divider","elType":"widget"},{"id":"3cf08a9e","settings":{"wp":{"title":"","nav_menu":"56"}},"elements":[],"isInner":false,"widgetType":"wp-widget-nav_menu","elType":"widget"}],"isInner":false,"elType":"column"},{"id":"53513b48","settings":{"_column_size":25,"_inline_size":null},"elements":[{"id":"4349eb4","settings":{"title":"HELP","title_color":"#0B132B","typography_typography":"custom","typography_font_family":"Nunito Sans","typography_font_size":{"unit":"px","size":14,"sizes":[]},"typography_font_weight":"700","typography_line_height":{"unit":"px","size":22,"sizes":[]},"_padding":{"unit":"px","top":"0","right":"0","bottom":"6","left":"0","isLinked":false},"_padding_mobile":{"unit":"px","top":"20","right":"0","bottom":"10","left":"0","isLinked":false}},"elements":[],"isInner":false,"widgetType":"heading","elType":"widget"},{"id":"304872d7","settings":{"width":{"unit":"px","size":37,"sizes":[]},"text":"Divider","color":"#9BC33B","weight":{"unit":"px","size":2,"sizes":[]},"gap":{"unit":"px","size":0,"sizes":[]},"_padding":{"unit":"px","top":"0","right":"0","bottom":"24","left":"0","isLinked":false}},"elements":[],"isInner":false,"widgetType":"divider","elType":"widget"},{"id":"57417fef","settings":{"wp":{"title":"","nav_menu":"57"}},"elements":[],"isInner":false,"widgetType":"wp-widget-nav_menu","elType":"widget"}],"isInner":false,"elType":"column"},{"id":"7a28a42c","settings":{"_column_size":25,"_inline_size":null},"elements":[{"id":"2161d729","settings":{"title":"SUPPORT","title_color":"#0B132B","typography_typography":"custom","typography_font_family":"Nunito Sans","typography_font_size":{"unit":"px","size":14,"sizes":[]},"typography_font_weight":"700","typography_line_height":{"unit":"px","size":22,"sizes":[]},"_padding":{"unit":"px","top":"0","right":"0","bottom":"6","left":"0","isLinked":false},"_padding_mobile":{"unit":"px","top":"20","right":"0","bottom":"10","left":"0","isLinked":false}},"elements":[],"isInner":false,"widgetType":"heading","elType":"widget"},{"id":"4cdf3bf6","settings":{"width":{"unit":"px","size":67,"sizes":[]},"text":"Divider","color":"#9BC33B","weight":{"unit":"px","size":2,"sizes":[]},"gap":{"unit":"px","size":0,"sizes":[]},"_padding":{"unit":"px","top":"0","right":"0","bottom":"24","left":"0","isLinked":false}},"elements":[],"isInner":false,"widgetType":"divider","elType":"widget"},{"id":"1ca9a28b","settings":{"wp":{"title":"","nav_menu":"58"}},"elements":[],"isInner":false,"widgetType":"wp-widget-nav_menu","elType":"widget"}],"isInner":false,"elType":"column"},{"id":"1af9d20a","settings":{"_column_size":25,"_inline_size":null},"elements":[{"id":"1643a95","settings":{"title":"ACCOUNT","title_color":"#0B132B","typography_typography":"custom","typography_font_family":"Nunito Sans","typography_font_size":{"unit":"px","size":14,"sizes":[]},"typography_font_weight":"700","typography_line_height":{"unit":"px","size":22,"sizes":[]},"_padding":{"unit":"px","top":"0","right":"0","bottom":"6","left":"0","isLinked":false},"_padding_mobile":{"unit":"px","top":"20","right":"0","bottom":"10","left":"0","isLinked":false}},"elements":[],"isInner":false,"widgetType":"heading","elType":"widget"},{"id":"300d7bbc","settings":{"width":{"unit":"px","size":70,"sizes":[]},"text":"Divider","color":"#9BC33B","weight":{"unit":"px","size":2,"sizes":[]},"gap":{"unit":"px","size":0,"sizes":[]},"_padding":{"unit":"px","top":"0","right":"0","bottom":"24","left":"0","isLinked":false}},"elements":[],"isInner":false,"widgetType":"divider","elType":"widget"},{"id":"e46f91a","settings":{"wp":{"title":"","nav_menu":"125"}},"elements":[],"isInner":false,"widgetType":"wp-widget-nav_menu","elType":"widget"}],"isInner":false,"elType":"column"}],"isInner":false,"elType":"section"},{"id":"2c9f4f69","settings":{"stretch_section":"section-stretched","content_position":"middle","structure":"20","background_background":"classic","margin":{"unit":"px","top":"0","right":0,"bottom":"0","left":0,"isLinked":false},"padding":{"unit":"px","top":"24","right":"0","bottom":"24","left":"0","isLinked":false},"padding_mobile":{"unit":"px","top":"15","right":"0","bottom":"15","left":"0","isLinked":false},"reverse_order_mobile":"reverse-mobile","border_border":"solid","border_width":{"unit":"px","top":"1","right":"0","bottom":"0","left":"0","isLinked":false},"border_color":"#E0E6EA","margin_mobile":{"unit":"px","top":"0","right":0,"bottom":"0","left":0,"isLinked":false},"background_color":"#F5F7EC"},"elements":[{"id":"2765a54c","settings":{"_column_size":50,"_inline_size":null},"elements":[{"id":"a114b60","settings":{"editor":"<p>Copyright \u00a9 2020 <span style=\"color: #9bc33b;\"><a style=\"color: #9bc33b;\" href=\"https:\/\/thembay.com\/\">Diza<\/a><\/span>. All Rights Reserved.<\/p>","text_color":"#6A7180","_padding_mobile":{"unit":"px","top":"15","right":"0","bottom":"0","left":"0","isLinked":false}},"elements":[],"isInner":false,"widgetType":"text-editor","elType":"widget"}],"isInner":false,"elType":"column"},{"id":"6c72572c","settings":{"_column_size":50,"_inline_size":null},"elements":[{"id":"15c01767","settings":{"image":{"url":"https:\/\/elementor.thembay.com\/diza_care\/wp-content\/uploads\/2020\/06\/payment.png","id":488},"image_size":"full","align":"right","align_mobile":"left"},"elements":[],"isInner":false,"widgetType":"image","elType":"widget"}],"isInner":false,"elType":"column"}],"isInner":false,"elType":"section"}]}