{"version":"0.4","title":"Footer","type":"page","content":[{"id":"5d052bbd","settings":{"structure":"50","border_border":"solid","border_width":{"unit":"px","top":"1","right":"0","bottom":"0","left":"0","isLinked":false},"border_color":"#E0E6EA","margin":{"unit":"px","top":"40","right":0,"bottom":"0","left":0,"isLinked":false},"padding":{"unit":"px","top":"74","right":"0","bottom":"0","left":"0","isLinked":false},"margin_tablet":{"unit":"px","top":"50","right":0,"bottom":"0","left":0,"isLinked":false},"padding_tablet":{"unit":"px","top":"30","right":"0","bottom":"0","left":"0","isLinked":false}},"elements":[{"id":"1d9af953","settings":{"_column_size":20,"_inline_size":25,"_inline_size_tablet":40},"elements":[{"id":"4e9c8c37","settings":{"title":"CONTACT US","title_color":"#0B132B","typography_typography":"custom","typography_font_family":"Nunito Sans","typography_font_size":{"unit":"px","size":14,"sizes":[]},"typography_font_weight":"700","typography_line_height":{"unit":"px","size":22,"sizes":[]},"_padding":{"unit":"px","top":"0","right":"0","bottom":"21","left":"0","isLinked":false},"_padding_mobile":{"unit":"px","top":"0","right":"0","bottom":"15","left":"0","isLinked":false}},"elements":[],"isInner":false,"widgetType":"heading","elType":"widget"},{"id":"38454d6b","settings":{"editor":"<p>If you have any question, please contact us at support@example.com<\/p>","text_color":"#6A7180","typography_typography":"custom","typography_font_family":"Roboto","typography_font_size":{"unit":"px","size":14,"sizes":[]},"typography_line_height":{"unit":"px","size":24,"sizes":[]},"_padding":{"unit":"px","top":"0","right":"25","bottom":"23","left":"0","isLinked":false}},"elements":[],"isInner":false,"widgetType":"text-editor","elType":"widget"},{"id":"513abc2a","settings":{"gap":"no","structure":"20","padding":{"unit":"px","top":"0","right":"0","bottom":"16","left":"0","isLinked":false}},"elements":[{"id":"1f3c08e9","settings":{"_column_size":50,"_inline_size":17,"_inline_size_mobile":11},"elements":[{"id":"3269d6b9","settings":{"selected_icon":{"value":"tb-icon tb-icon-location","library":"tbay-custom"},"align":"left","primary_color":"#1C6CCE","size":{"unit":"px","size":24,"sizes":[]}},"elements":[],"isInner":false,"widgetType":"icon","elType":"widget"}],"isInner":true,"elType":"column"},{"id":"69c0d131","settings":{"_column_size":50,"_inline_size":83,"margin":{"unit":"px","top":"-5","right":"0","bottom":"0","left":"0","isLinked":false},"_inline_size_mobile":89},"elements":[{"id":"94a874b","settings":{"editor":"<p>1203, Town Center,<\/p><p>Drive FL 33458 United States<\/p>","text_color":"#6A7180","typography_typography":"custom","typography_font_size":{"unit":"px","size":14,"sizes":[]},"typography_line_height":{"unit":"px","size":24,"sizes":[]}},"elements":[],"isInner":false,"widgetType":"text-editor","elType":"widget"}],"isInner":true,"elType":"column"}],"isInner":true,"elType":"section"},{"id":"2f81d86f","settings":{"gap":"no","structure":"20","padding":{"unit":"px","top":"0","right":"0","bottom":"21","left":"0","isLinked":false}},"elements":[{"id":"1f50ab0f","settings":{"_column_size":50,"_inline_size":17,"_inline_size_mobile":11},"elements":[{"id":"23193c19","settings":{"selected_icon":{"value":"tb-icon tb-icon-telephone","library":"tbay-custom"},"align":"left","primary_color":"#1C6CCE","size":{"unit":"px","size":24,"sizes":[]}},"elements":[],"isInner":false,"widgetType":"icon","elType":"widget"}],"isInner":true,"elType":"column"},{"id":"1fa83b0c","settings":{"_column_size":50,"_inline_size":83,"margin":{"unit":"px","top":"-6","right":"0","bottom":"0","left":"0","isLinked":false},"_inline_size_mobile":89},"elements":[{"id":"4ad58ab9","settings":{"editor":"<span style=\"color: #6a7180;\"><a style=\"color: #6a7180;\" href=\"tel:0123456789\">0123-456-789<\/a><\/span>\n\n<span style=\"color: #6a7180;\"><a style=\"color: #6a7180;\" href=\"tel:84112345678\">841 123 456 78<\/a><\/span>","text_color":"#6A7180","typography_typography":"custom","typography_font_size":{"unit":"px","size":14,"sizes":[]},"typography_line_height":{"unit":"px","size":24,"sizes":[]}},"elements":[],"isInner":false,"widgetType":"text-editor","elType":"widget"}],"isInner":true,"elType":"column"}],"isInner":true,"elType":"section"},{"id":"682d0260","settings":{"social_icon_list":[{"social_icon":{"value":"zmdi zmdi-facebook","library":"material-design-iconic"},"_id":"ca3f9a4","link":{"url":"https:\/\/www.facebook.com\/thembayteam","is_external":"true","nofollow":"","custom_attributes":""},"item_icon_color":"custom","item_icon_primary_color":"#FFFFFF","item_icon_secondary_color":"#B1B7BF"},{"social_icon":{"value":"zmdi zmdi-twitter","library":"material-design-iconic"},"_id":"8686e60","link":{"url":"https:\/\/twitter.com\/bay_them","is_external":"true","nofollow":"","custom_attributes":""},"item_icon_color":"custom","item_icon_primary_color":"#FFFFFF","item_icon_secondary_color":"#B1B7BF"},{"social_icon":{"value":"zmdi zmdi-youtube-play","library":"material-design-iconic"},"_id":"dfcc7f2","link":{"url":"https:\/\/www.youtube.com\/c\/thembay","is_external":"true","nofollow":"","custom_attributes":""},"item_icon_color":"custom","item_icon_primary_color":"#FFFFFF","item_icon_secondary_color":"#B1B7BF"},{"social_icon":{"value":"zmdi zmdi-instagram","library":"material-design-iconic"},"link":{"url":"https:\/\/www.instagram.com\/thembayteam\/","is_external":"true","nofollow":"","custom_attributes":""},"item_icon_color":"custom","item_icon_primary_color":"#FFFFFF","item_icon_secondary_color":"#B1B7BF","_id":"4546091"}],"shape":"square","align":"left","icon_color":"custom","icon_size":{"unit":"px","size":16,"sizes":[]},"icon_spacing":{"unit":"px","size":11,"sizes":[]},"_margin":{"unit":"px","top":"0","right":"0","bottom":"0","left":"0","isLinked":false},"icon_padding":{"unit":"em","size":0.10000000000000001,"sizes":[]},"hover_secondary_color":"#52D5E6"},"elements":[],"isInner":false,"widgetType":"social-icons","elType":"widget"}],"isInner":false,"elType":"column"},{"id":"4bc4a522","settings":{"_column_size":20,"_inline_size":14,"_inline_size_tablet":20},"elements":[{"id":"131e29d9","settings":{"title":"INFORMATON","title_color":"#0B132B","typography_typography":"custom","typography_font_family":"Nunito Sans","typography_font_size":{"unit":"px","size":14,"sizes":[]},"typography_font_weight":"700","typography_line_height":{"unit":"px","size":22,"sizes":[]},"_padding":{"unit":"px","top":"0","right":"0","bottom":"16","left":"0","isLinked":false},"_padding_mobile":{"unit":"px","top":"30","right":"0","bottom":"10","left":"0","isLinked":false}},"elements":[],"isInner":false,"widgetType":"heading","elType":"widget"},{"id":"7a7816a5","settings":{"wp":{"title":"","nav_menu":"56"}},"elements":[],"isInner":false,"widgetType":"wp-widget-nav_menu","elType":"widget"}],"isInner":false,"elType":"column"},{"id":"3f1a098c","settings":{"_column_size":20,"_inline_size":14,"_inline_size_tablet":20},"elements":[{"id":"9f8d4c5","settings":{"title":"HELP","title_color":"#0B132B","typography_typography":"custom","typography_font_family":"Nunito Sans","typography_font_size":{"unit":"px","size":14,"sizes":[]},"typography_font_weight":"700","typography_line_height":{"unit":"px","size":22,"sizes":[]},"_padding":{"unit":"px","top":"0","right":"0","bottom":"16","left":"0","isLinked":false},"_padding_mobile":{"unit":"px","top":"30","right":"0","bottom":"10","left":"0","isLinked":false}},"elements":[],"isInner":false,"widgetType":"heading","elType":"widget"},{"id":"1fa3be7c","settings":{"wp":{"title":"","nav_menu":"57"}},"elements":[],"isInner":false,"widgetType":"wp-widget-nav_menu","elType":"widget"}],"isInner":false,"elType":"column"},{"id":"6f424696","settings":{"_column_size":20,"_inline_size":14,"_inline_size_tablet":20},"elements":[{"id":"123258b0","settings":{"title":"SUPPORT","title_color":"#0B132B","typography_typography":"custom","typography_font_family":"Nunito Sans","typography_font_size":{"unit":"px","size":14,"sizes":[]},"typography_font_weight":"700","typography_line_height":{"unit":"px","size":22,"sizes":[]},"_padding":{"unit":"px","top":"0","right":"0","bottom":"16","left":"0","isLinked":false},"_padding_mobile":{"unit":"px","top":"30","right":"0","bottom":"10","left":"0","isLinked":false}},"elements":[],"isInner":false,"widgetType":"heading","elType":"widget"},{"id":"270ba41b","settings":{"wp":{"title":"","nav_menu":"58"}},"elements":[],"isInner":false,"widgetType":"wp-widget-nav_menu","elType":"widget"}],"isInner":false,"elType":"column"},{"id":"b91dc8c","settings":{"_column_size":20,"_inline_size":32.802,"border_border":"solid","border_width":{"unit":"px","top":"1","right":"1","bottom":"1","left":"1","isLinked":true},"border_color":"#E0E6EA","margin":{"unit":"px","top":"4","right":"15","bottom":"30","left":"15","isLinked":false},"padding":{"unit":"px","top":"30","right":"30","bottom":"30","left":"30","isLinked":true},"_inline_size_tablet":50,"margin_tablet":{"unit":"px","top":"20","right":"15","bottom":"30","left":"15","isLinked":false},"padding_mobile":{"unit":"px","top":"10","right":"15","bottom":"20","left":"15","isLinked":false},"margin_mobile":{"unit":"px","top":"30","right":"15","bottom":"0","left":"15","isLinked":false},"css_classes":"m-auto","border_radius":{"unit":"px","top":"7","right":"7","bottom":"7","left":"7","isLinked":true}},"elements":[{"id":"417b93a8","settings":{"gap":"no","content_position":"middle","structure":"20","padding":{"unit":"px","top":"0","right":"0","bottom":"2","left":"0","isLinked":false}},"elements":[{"id":"325e7be1","settings":{"_column_size":50,"_inline_size":17},"elements":[{"id":"26a2a9fe","settings":{"selected_icon":{"value":"tb-icon tb-icon-email","library":"tbay-custom"},"primary_color":"#1C6CCE","size":{"unit":"px","size":40,"sizes":[]},"align_mobile":"center"},"elements":[],"isInner":false,"widgetType":"icon","elType":"widget"}],"isInner":true,"elType":"column"},{"id":"1726de07","settings":{"_column_size":50,"_inline_size":82.971000000000004},"elements":[{"id":"4d383d75","settings":{"title":"SIGN UP FOR NEWSLETTER","title_color":"#0B132B","typography_typography":"custom","typography_font_size":{"unit":"px","size":14,"sizes":[]},"typography_font_weight":"bold","typography_line_height":{"unit":"px","size":20,"sizes":[]},"_padding":{"unit":"px","top":"0","right":"0","bottom":"0","left":"16","isLinked":false},"_padding_mobile":{"unit":"px","top":"5","right":"0","bottom":"5","left":"0","isLinked":false},"align_mobile":"center"},"elements":[],"isInner":false,"widgetType":"heading","elType":"widget"}],"isInner":true,"elType":"column"}],"isInner":true,"elType":"section"},{"id":"51b0882b","settings":{"editor":"<p>Subscribe to the weekly newsletter for all the latest updates<\/p>","text_color":"#6A7180","typography_typography":"custom","typography_font_size":{"unit":"px","size":14,"sizes":[]},"typography_line_height":{"unit":"px","size":24,"sizes":[]},"_padding":{"unit":"px","top":"0","right":"0","bottom":"27","left":"0","isLinked":false},"_padding_mobile":{"unit":"px","top":"0","right":"0","bottom":"15","left":"0","isLinked":false},"align_mobile":"center"},"elements":[],"isInner":false,"widgetType":"text-editor","elType":"widget"},{"id":"31960950","settings":{"border_button_color":"#C43131","button_margin":{"unit":"px","top":"4","right":"4","bottom":"4","left":"4","isLinked":true},"_border_border":"solid","input_margin":{"unit":"px","top":"2","right":"0","bottom":"2","left":"0","isLinked":false},"_border_width":{"unit":"px","top":"1","right":"1","bottom":"1","left":"1","isLinked":true},"_border_color":"#E0E6EA","button_border_radius":{"unit":"px","top":"5","right":"5","bottom":"5","left":"5","isLinked":true},"_border_radius":{"unit":"px","top":"5","right":"5","bottom":"5","left":"5","isLinked":true},"width_input":{"unit":"px","size":185,"sizes":[]},"icon_hide":"none","_css_classes":"m-auto","align_input_mobile":"left","width_input_mobile":{"unit":"px","size":145,"sizes":[]}},"elements":[],"isInner":false,"widgetType":"tbay-newsletter","elType":"widget"}],"isInner":false,"elType":"column"}],"isInner":false,"elType":"section"},{"id":"59da559a","settings":{"stretch_section":"section-stretched","content_position":"middle","structure":"20","background_background":"classic","background_color":"#E0E6EA","margin":{"unit":"px","top":"23","right":0,"bottom":"0","left":0,"isLinked":false},"padding":{"unit":"px","top":"24","right":"0","bottom":"24","left":"0","isLinked":false},"padding_mobile":{"unit":"px","top":"15","right":"0","bottom":"15","left":"0","isLinked":false},"reverse_order_tablet":"reverse-tablet","reverse_order_mobile":"reverse-mobile"},"elements":[{"id":"287d4cdd","settings":{"_column_size":50,"_inline_size":null},"elements":[{"id":"762bbaa4","settings":{"editor":"<p>Copyright \u00a9 2020 <a href=\"https:\/\/thembay.com\/\"><span style=\"color: #075cc9;\">Diza<\/span><\/a>. All Rights Reserved.<\/p>","text_color":"#6A7180","_padding_mobile":{"unit":"px","top":"15","right":"0","bottom":"0","left":"0","isLinked":false}},"elements":[],"isInner":false,"widgetType":"text-editor","elType":"widget"}],"isInner":false,"elType":"column"},{"id":"7eb07024","settings":{"_column_size":50,"_inline_size":null},"elements":[{"id":"5ad8510a","settings":{"image":{"url":"https:\/\/elementor.thembay.com\/diza\/wp-content\/uploads\/2020\/06\/payment.png","id":488},"image_size":"full","align":"right","align_mobile":"left"},"elements":[],"isInner":false,"widgetType":"image","elType":"widget"}],"isInner":false,"elType":"column"}],"isInner":false,"elType":"section"}]}