{"last_tab":"1","google_map":"AIzaSyB9ZsT3DmtcxDwKb36335IMBYpBaiv9wtY","mailchimp_key":"b22c1745e71f6e4eef3698847f024cba-us11","consumer_key":"FXWrG3GT8lZISpUQ3cPIGtWGD","consumer_secret":"hBvd6EymRSytId0HdRYKChktkn7z6bROS4tT0W51qPPYmWXLP6","access_token":"741200932092923904-21cx58DU3CizhkEBjyQLOwm6SKzoj4W","access_token_secret":"eevAYEC05SKl2fJAZXKJ3g4eLVdgWubeZ5iP3CGJYIVxg","article_option":"0","dashboad_booking_option":"1","feedback_option":"0","booking_verification":"1","custom_css":".widget_search .dc-formsearch {\r\n    border-radius: 4px;\r\n}\r\n.dc-welcomecontent .dc-title {\r\n\tword-break: break-word;\r\n}","custom_js":"jQuery(document).ready(function(){\r\n\r\n});","dashboard_tpl":"14","dir_datasize":"5242880","system_access":"","calendar_locale":"","calendar_format":"","appointment_prefix":"APP#","hospital_team_prefix":"TEAM#","default_doctor_avatar":{"url":"http:\/\/amentotech.com\/projects\/doctreat\/wp-content\/uploads\/2019\/08\/img-08.jpg","id":"36","height":"224","width":"224","thumbnail":"http:\/\/amentotech.com\/projects\/doctreat\/wp-content\/uploads\/2019\/08\/img-08-150x150.jpg","title":"img-08","caption":"","alt":"","description":""},"default_doctor_banner":{"url":"http:\/\/amentotech.com\/projects\/doctreat\/wp-content\/uploads\/2019\/09\/Untitled-2_0008_Layer-20.jpg","id":"722","height":"500","width":"1170","thumbnail":"http:\/\/amentotech.com\/projects\/doctreat\/wp-content\/uploads\/2019\/09\/Untitled-2_0008_Layer-20-150x150.jpg","title":"Untitled-2_0008_Layer 20","caption":"","alt":"","description":""},"default_hospital_image":{"url":"","id":"","height":"","width":"","thumbnail":"","title":"","caption":"","alt":"","description":""},"default_others_users":{"url":"","id":"","height":"","width":"","thumbnail":"","title":"","caption":"","alt":"","description":""},"chat":"inbox","host":"","port":"","new_messages":{"url":"http:\/\/amentotech.com\/projects\/doctreat\/wp-content\/uploads\/2019\/08\/img-19.png","id":"41","height":"55","width":"55","thumbnail":"http:\/\/amentotech.com\/projects\/doctreat\/wp-content\/uploads\/2019\/08\/img-19.png","title":"img-19","caption":"","alt":"","description":""},"total_appointments":{"url":"http:\/\/amentotech.com\/projects\/doctreat\/wp-content\/uploads\/2019\/10\/christmas.png","id":"1183","height":"64","width":"64","thumbnail":"http:\/\/amentotech.com\/projects\/doctreat\/wp-content\/uploads\/2019\/10\/christmas.png","title":"christmas","caption":"","alt":"","description":""},"saved_items":{"url":"http:\/\/amentotech.com\/projects\/doctreat\/wp-content\/uploads\/2019\/08\/img-22.png","id":"43","height":"55","width":"55","thumbnail":"http:\/\/amentotech.com\/projects\/doctreat\/wp-content\/uploads\/2019\/08\/img-22.png","title":"img-22","caption":"","alt":"","description":""},"available_balance":{"url":"","id":"","height":"","width":"","thumbnail":"","title":"","caption":"","alt":"","description":""},"package_expiry":{"url":"http:\/\/amentotech.com\/projects\/doctreat\/wp-content\/uploads\/2019\/08\/img-21.png","id":"42","height":"55","width":"55","thumbnail":"http:\/\/amentotech.com\/projects\/doctreat\/wp-content\/uploads\/2019\/08\/img-21.png","title":"img-21","caption":"","alt":"","description":""},"avalible_balance_img":{"url":"http:\/\/amentotech.com\/projects\/doctreat\/wp-content\/uploads\/2019\/10\/bank.png","id":"1093","height":"64","width":"64","thumbnail":"http:\/\/amentotech.com\/projects\/doctreat\/wp-content\/uploads\/2019\/10\/bank.png","title":"bank","caption":"","alt":"","description":""},"service_spec":{"url":"http:\/\/amentotech.com\/projects\/doctreat\/wp-content\/uploads\/2019\/10\/support.png","id":"1185","height":"64","width":"64","thumbnail":"http:\/\/amentotech.com\/projects\/doctreat\/wp-content\/uploads\/2019\/10\/support.png","title":"support","caption":"","alt":"","description":""},"invoice_img":{"url":"http:\/\/amentotech.com\/projects\/doctreat\/wp-content\/uploads\/2019\/10\/invoice.png","id":"1094","height":"64","width":"64","thumbnail":"http:\/\/amentotech.com\/projects\/doctreat\/wp-content\/uploads\/2019\/10\/invoice.png","title":"invoice","caption":"","alt":"","description":""},"published_articles_img":{"url":"http:\/\/amentotech.com\/projects\/doctreat\/wp-content\/uploads\/2019\/10\/writing.png","id":"1096","height":"64","width":"64","thumbnail":"http:\/\/amentotech.com\/projects\/doctreat\/wp-content\/uploads\/2019\/10\/writing.png","title":"writing","caption":"","alt":"","description":""},"dashboard_payouts":{"url":"http:\/\/amentotech.com\/projects\/doctreat\/wp-content\/uploads\/2019\/10\/bank.png","id":"1093","height":"64","width":"64","thumbnail":"http:\/\/amentotech.com\/projects\/doctreat\/wp-content\/uploads\/2019\/10\/bank.png","title":"bank","caption":"","alt":"","description":""},"article_add_url":{"url":"http:\/\/amentotech.com\/projects\/doctreat\/wp-content\/uploads\/2019\/10\/list.png","id":"1095","height":"64","width":"64","thumbnail":"http:\/\/amentotech.com\/projects\/doctreat\/wp-content\/uploads\/2019\/10\/list.png","title":"list","caption":"","alt":"","description":""},"manage_team_img":{"url":"http:\/\/amentotech.com\/projects\/doctreat\/wp-content\/uploads\/2019\/08\/img-18.png","id":"40","height":"70","width":"60","thumbnail":"http:\/\/amentotech.com\/projects\/doctreat\/wp-content\/uploads\/2019\/08\/img-18.png","title":"img-18","caption":"","alt":"","description":""},"feedback_questions":["Doctor Friendliness","Treatment Satisfaction","Wait Time","Explanation Of The Health Issue","Value For Money"],"dir_map_type":"SATELLITE","map_styles":"view_5","dir_map_scroll":"true","dir_map_marker":{"url":"","id":"","height":"","width":"","thumbnail":"","title":"","caption":"","alt":"","description":""},"dir_zoom":"11","dir_latitude":"51.5001524","dir_longitude":"-0.1262362","enable_gallery":"1","enable_seo":"1","doctors_contactinfo":"1","email_from_name":"Amentotech.pvt.ltd","email_from_id":"info@no-reply.com","email_logo":{"url":"http:\/\/amentotech.com\/projects\/doctreat\/wp-content\/uploads\/2019\/08\/logo.png","id":"245","height":"29","width":"164","thumbnail":"http:\/\/amentotech.com\/projects\/doctreat\/wp-content\/uploads\/2019\/08\/logo-150x29.png","title":"logo","caption":"","alt":"","description":""},"email_banner":{"url":"","id":"","height":"","width":"","thumbnail":"","title":"","caption":"","alt":"","description":""},"email_sender_avatar":{"url":"","id":"","height":"","width":"","thumbnail":"","title":"","caption":"","alt":"","description":""},"email_sender_name":"Amentotech","email_sender_tagline":"Your Software Partner","email_sender_url":"http:\/\/amentotech.com","footer_bg_color":"#3d4461","footer_text_color":"#FFFFFF","verify_subject":"Verification Code","verify_content":"Hello %name% !\r\n\r\nYour account has been created on the %site%. Verification is required, to verify your account, please use below code:\r\n<div style=\"width: 100%; float: left; padding: 15px; -webkit-box-sizing: border-box; -moz-box-sizing: border-box; box-sizing: border-box;\">\r\n<div style=\"width: 100%; float: left; padding: 15px; background: #f7f7f7; -webkit-box-sizing: border-box; -moz-box-sizing: border-box; box-sizing: border-box;\">\r\n<div style=\"width: 100%; float: left; padding: 30px 15px; border: 2px solid #fff; text-align: center; -webkit-box-sizing: border-box; -moz-box-sizing: border-box; box-sizing: border-box;\">\r\n<h3 style=\"font-size: 26px; margin-bottom: 15px; font-weight: normal; line-height: 26px; margin: 0; color: #333; -webkit-box-sizing: border-box; -moz-box-sizing: border-box; box-sizing: border-box; font-family: 'Work Sans', Arial, Helvetica, sans-serif;\">Your verification code is<\/h3>\r\n%verification_code%\r\n\r\n<\/div>\r\n<\/div>\r\n<\/div>\r\n%signature%","subject_app_link":"Application link","app_link_content":"Hello\r\nYou can download our APP from below link\r\n<a href=\"#\">Download<\/a>\r\n\r\n%signature%","doctor_registration_subject":"Thank you for registering!","doctor_registration_content":"Hello %name%!\r\n\r\nThanks for registering on our %site%. You can now login to manage your account using the below details credentials:\r\n<ul style=\"margin: 0; width: 100%; float: left; list-style: none; font-size: 14px; line-height: 20px; padding: 0 0 15px; font-family: 'Work Sans', Arial, Helvetica, sans-serif;\">\r\n \t<li style=\"width: 100%; float: left; line-height: inherit; list-style-type: none; background: #f7f7f7;\"><strong style=\"width: 50%; float: left; padding: 10px; color: #333; font-weight: 400; -webkit-box-sizing: border-box; -moz-box-sizing: border-box; box-sizing: border-box;\">Username:<\/strong> <span style=\"width: 50%; float: left; padding: 10px; -webkit-box-sizing: border-box; -moz-box-sizing: border-box; box-sizing: border-box;\">%email%<\/span><\/li>\r\n \t<li style=\"width: 100%; float: left; line-height: inherit; list-style-type: none;\"><strong style=\"width: 50%; float: left; padding: 10px; color: #333; font-weight: 400; -webkit-box-sizing: border-box; -moz-box-sizing: border-box; box-sizing: border-box;\">Password:<\/strong> <span style=\"width: 50%; float: left; padding: 10px; -webkit-box-sizing: border-box; -moz-box-sizing: border-box; box-sizing: border-box;\">%password%<\/span><\/li>\r\n<\/ul>\r\n%signature%","hospital_registration_subject":"Thank you for registering!","hospital_registration_content":"Hello %name%!\r\n\r\nThanks for registering on our %site%. You can now login to manage your account using the below details credentials:\r\n<ul style=\"margin: 0; width: 100%; float: left; list-style: none; font-size: 14px; line-height: 20px; padding: 0 0 15px; font-family: 'Work Sans', Arial, Helvetica, sans-serif;\">\r\n \t<li style=\"width: 100%; float: left; line-height: inherit; list-style-type: none; background: #f7f7f7;\"><strong style=\"width: 50%; float: left; padding: 10px; color: #333; font-weight: 400; -webkit-box-sizing: border-box; -moz-box-sizing: border-box; box-sizing: border-box;\">Username:<\/strong> <span style=\"width: 50%; float: left; padding: 10px; -webkit-box-sizing: border-box; -moz-box-sizing: border-box; box-sizing: border-box;\">%email%<\/span><\/li>\r\n \t<li style=\"width: 100%; float: left; line-height: inherit; list-style-type: none;\"><strong style=\"width: 50%; float: left; padding: 10px; color: #333; font-weight: 400; -webkit-box-sizing: border-box; -moz-box-sizing: border-box; box-sizing: border-box;\">Password:<\/strong> <span style=\"width: 50%; float: left; padding: 10px; -webkit-box-sizing: border-box; -moz-box-sizing: border-box; box-sizing: border-box;\">%password%<\/span><\/li>\r\n<\/ul>\r\n%signature%","regular_registration_subject":"Thank you for registering!","regular_registration_content":"Hello %name%!\r\nThanks for registering on our %site%. You can now login to manage your account using the below details credentials:\r\nEmail: %email%\r\nPassword: %password%\r\n%signature%","change_password_subject":"Reset password","change_password_content":"Hi %name%,\r\nSomeone requested to reset the password of following account:\r\n\r\nEmail Address: %email%\r\nIf this was a mistake, just ignore this email and nothing will happen.\r\n\r\nTo reset your password, click reset link below:\r\n<a href=\"%link%\">Reset<\/a>\r\n\r\n%signature%","remove_account_email":"Remove account","remove_account_subject":"Account has been deleted!","remove_account_content":"Hi,\r\nAn existing user has deleted the account due to the following reason:\r\n\r\n%reason%\r\n\r\n%signature%,","admin_email":"info@yourdomain.com","admin_register_subject":"New registration","admin_register_content":"Hello!\r\n\r\nA new user \"%name%\" with email address \"%email%\" has been registered on your website.\r\nPlease login to check user detail.\r\n\r\n%signature%","admin_subscription_subject":"Thank you for purchasing the package!","admin_subscription_content":"Hello!\r\n\r\nA doctor with the name \"%doctor_name%\" has purchased a package. Detail of order is given below:\r\n<ul style=\"margin: 0; width: 100%; float: left; list-style: none; font-size: 14px; line-height: 20px; padding: 0 0 15px; font-family: 'Work Sans', Arial, Helvetica, sans-serif;\">\r\n \t<li style=\"width: 100%; float: left; line-height: inherit; list-style-type: none; background: #f7f7f7;\"><strong style=\"width: 50%; float: left; padding: 10px; color: #333; font-weight: 400; -webkit-box-sizing: border-box; -moz-box-sizing: border-box; box-sizing: border-box;\">Doctor Name :<\/strong> <span style=\"width: 50%; float: left; padding: 10px; -webkit-box-sizing: border-box; -moz-box-sizing: border-box; box-sizing: border-box;\">%invoice%<\/span><\/li>\r\n \t<li style=\"width: 100%; float: left; line-height: inherit; list-style-type: none;\"><strong style=\"width: 50%; float: left; padding: 10px; color: #333; font-weight: 400; -webkit-box-sizing: border-box; -moz-box-sizing: border-box; box-sizing: border-box;\">Package Name:<\/strong> <span style=\"width: 50%; float: left; padding: 10px; -webkit-box-sizing: border-box; -moz-box-sizing: border-box; box-sizing: border-box;\">%package_name%<\/span><\/li>\r\n \t<li style=\"width: 100%; float: left; line-height: inherit; list-style-type: none; background: #f7f7f7;\"><strong style=\"width: 50%; float: left; padding: 10px; color: #333; font-weight: 400; -webkit-box-sizing: border-box; -moz-box-sizing: border-box; box-sizing: border-box;\">Amount :<\/strong> <span style=\"width: 50%; float: left; padding: 10px; -webkit-box-sizing: border-box; -moz-box-sizing: border-box; box-sizing: border-box;\">%amount%<\/span><\/li>\r\n \t<li style=\"width: 100%; float: left; line-height: inherit; list-style-type: none;\"><strong style=\"width: 50%; float: left; padding: 10px; color: #333; font-weight: 400; -webkit-box-sizing: border-box; -moz-box-sizing: border-box; box-sizing: border-box;\">Payment status :<\/strong> <span style=\"width: 50%; float: left; padding: 10px; -webkit-box-sizing: border-box; -moz-box-sizing: border-box; box-sizing: border-box;\">%status%<\/span><\/li>\r\n \t<li style=\"width: 100%; float: left; line-height: inherit; list-style-type: none; background: #f7f7f7;\"><strong style=\"width: 50%; float: left; padding: 10px; color: #333; font-weight: 400; -webkit-box-sizing: border-box; -moz-box-sizing: border-box; box-sizing: border-box;\">Payment Method:<\/strong> <span style=\"width: 50%; float: left; padding: 10px; -webkit-box-sizing: border-box; -moz-box-sizing: border-box; box-sizing: border-box;\">%method%<\/span><\/li>\r\n \t<li style=\"width: 100%; float: left; line-height: inherit; list-style-type: none;\"><strong style=\"width: 50%; float: left; padding: 10px; color: #333; font-weight: 400; -webkit-box-sizing: border-box; -moz-box-sizing: border-box; box-sizing: border-box;\">Purchase Date:<\/strong> <span style=\"width: 50%; float: left; padding: 10px; -webkit-box-sizing: border-box; -moz-box-sizing: border-box; box-sizing: border-box;\">%date%<\/span><\/li>\r\n \t<li style=\"width: 100%; float: left; line-height: inherit; list-style-type: none; background: #f7f7f7;\"><strong style=\"width: 50%; float: left; padding: 10px; color: #333; font-weight: 400; -webkit-box-sizing: border-box; -moz-box-sizing: border-box; box-sizing: border-box;\">Expiry Date:<\/strong> <span style=\"width: 50%; float: left; padding: 10px; -webkit-box-sizing: border-box; -moz-box-sizing: border-box; box-sizing: border-box;\">%expiry%<\/span><\/li>\r\n<\/ul>\r\n%signature% border-box;\"&gt;%expiry\r\n\r\n%\r\n\r\n%signature%","admin_article_pending_subject":"Article needs approval","admin_article_pending_content":"Hello\r\n\r\n%doctor_name% send article %article_title% with pending status.\r\n\r\n%signature%,","doctor_hospital_request_subject":"New request for team has been received","doctor_hospital_request_content":"Hello %hospital_name%,\r\n\r\n<a href=\"%doctor_link%\">%doctor_name%<\/a> has sent you a new request to join your hospital.\r\n\r\n%signature%,","hospital_request_approved_subject":"Hospital team request has been accepted!","hospital_request_approved_content":"Hello %doctor_name%,\r\n\r\nYour request to join <a href=\"%hospital_link%\">%hospital_name%<\/a> has been <b>approved<\/b>.\r\n\r\n%signature%,","hospital_request_cancelled_subject":"Request has been cancelled to join hospital","hospital_request_cancelled_content":"Hello %doctor_name%,\r\n\r\nYour request to join the <a href=\"%hospital_link%\">%hospital_name%<\/a> has been <b>cancelled<\/b>.\r\n\r\n%signature%,","booking_verify_subject":"Verification Code for booking","booking_verify_content":"Hello %name%\r\n\r\nTo complete your booking please add the below authentication code.\r\n<div style=\"width: 100%; float: left; padding: 15px; -webkit-box-sizing: border-box; -moz-box-sizing: border-box; box-sizing: border-box;\">\r\n<div style=\"width: 100%; float: left; padding: 15px; background: #f7f7f7; -webkit-box-sizing: border-box; -moz-box-sizing: border-box; box-sizing: border-box;\">\r\n<div style=\"width: 100%; float: left; padding: 30px 15px; border: 2px solid #fff; text-align: center; -webkit-box-sizing: border-box; -moz-box-sizing: border-box; box-sizing: border-box;\">\r\n<h3 style=\"font-size: 26px; margin-bottom: 15px; font-weight: normal; line-height: 26px; margin: 0; color: #333; -webkit-box-sizing: border-box; -moz-box-sizing: border-box; box-sizing: border-box; font-family: 'Work Sans', Arial, Helvetica, sans-serif;\">Your verification code is<\/h3>\r\n%verification_code%\r\n\r\n<\/div>\r\n<\/div>\r\n<\/div>\r\n%signature%","booking_request_subject":"Appointment confirmation","booking_request_content":"Hello %user_name%\r\n\r\nYour appointment booking request is received with the following details\r\n<ul style=\"margin: 0; width: 100%; float: left; list-style: none; font-size: 14px; line-height: 20px; padding: 0 0 15px; font-family: 'Work Sans', Arial, Helvetica, sans-serif;\">\r\n \t<li style=\"width: 100%; float: left; line-height: inherit; list-style-type: none; background: #f7f7f7;\"><strong style=\"width: 50%; float: left; padding: 10px; color: #333; font-weight: 400; -webkit-box-sizing: border-box; -moz-box-sizing: border-box; box-sizing: border-box;\">Hospital Name<\/strong> <span style=\"width: 50%; float: left; padding: 10px; -webkit-box-sizing: border-box; -moz-box-sizing: border-box; box-sizing: border-box;\">%hospital_name%<\/span><\/li>\r\n \t<li style=\"width: 100%; float: left; line-height: inherit; list-style-type: none;\"><strong style=\"width: 50%; float: left; padding: 10px; color: #333; font-weight: 400; -webkit-box-sizing: border-box; -moz-box-sizing: border-box; box-sizing: border-box;\">Appointment date:<\/strong> <span style=\"width: 50%; float: left; padding: 10px; -webkit-box-sizing: border-box; -moz-box-sizing: border-box; box-sizing: border-box;\">%<span style=\"color: #444444; font-family: -apple-system, BlinkMacSystemFont, 'Segoe UI', Roboto, Oxygen-Sans, Ubuntu, Cantarell, 'Helvetica Neue', sans-serif; font-size: 13px;\">appointment_date<\/span>%<\/span><\/li>\r\n \t<li style=\"width: 100%; float: left; line-height: inherit; list-style-type: none; background: #f7f7f7;\"><strong style=\"width: 50%; float: left; padding: 10px; color: #333; font-weight: 400; -webkit-box-sizing: border-box; -moz-box-sizing: border-box; box-sizing: border-box;\"><span style=\"background-color: #ffffff;\">Appointment Time<\/span>:<\/strong> <span style=\"width: 50%; float: left; padding: 10px; -webkit-box-sizing: border-box; -moz-box-sizing: border-box; box-sizing: border-box;\">%<span style=\"color: #444444; font-family: -apple-system, BlinkMacSystemFont, 'Segoe UI', Roboto, Oxygen-Sans, Ubuntu, Cantarell, 'Helvetica Neue', sans-serif; font-size: 13px; background-color: #ffffff;\">appointment_time<\/span>%<\/span><\/li>\r\n<\/ul>\r\n%signature%","doctor_booking_request_subject":"New appointment received!","doctor_booking_request_content":"Hello %doctor_name%\r\n\r\n%user_name% has sent you a request you for appointment in hospital %hospital_link% on %appointment_date% at %appointment_time%\r\n\r\n%signature%,","feedback_subject":"Feedback received","feedback_content":"Hello %doctor_name%\r\n%user_name% has given the feedback with the following details :\r\nRecommend : %recommend%\r\nWaiting time : %waiting_time%\r\nRating : %rating%\r\nDescription : %description%\r\n%signature%,\r\n%signature%,","subscription_subject":"Thank you for purchasing the package!","subscription_content":"Hello %doctor_name%\r\nThanks for purchasing the package. Your payment has been received and your invoice detail is given below:\r\n<ul style=\"margin: 0; width: 100%; float: left; list-style: none; font-size: 14px; line-height: 20px; padding: 0 0 15px; font-family: 'Work Sans', Arial, Helvetica, sans-serif;\">\r\n \t<li style=\"width: 100%; float: left; line-height: inherit; list-style-type: none; background: #f7f7f7;\"><strong style=\"width: 50%; float: left; padding: 10px; color: #333; font-weight: 400; -webkit-box-sizing: border-box; -moz-box-sizing: border-box; box-sizing: border-box;\">Invoice ID:<\/strong> <span style=\"width: 50%; float: left; padding: 10px; -webkit-box-sizing: border-box; -moz-box-sizing: border-box; box-sizing: border-box;\">%invoice%<\/span><\/li>\r\n \t<li style=\"width: 100%; float: left; line-height: inherit; list-style-type: none;\"><strong style=\"width: 50%; float: left; padding: 10px; color: #333; font-weight: 400; -webkit-box-sizing: border-box; -moz-box-sizing: border-box; box-sizing: border-box;\">Package Name:<\/strong> <span style=\"width: 50%; float: left; padding: 10px; -webkit-box-sizing: border-box; -moz-box-sizing: border-box; box-sizing: border-box;\">%package_name%<\/span><\/li>\r\n \t<li style=\"width: 100%; float: left; line-height: inherit; list-style-type: none; background: #f7f7f7;\"><strong style=\"width: 50%; float: left; padding: 10px; color: #333; font-weight: 400; -webkit-box-sizing: border-box; -moz-box-sizing: border-box; box-sizing: border-box;\">Payment Amount:<\/strong> <span style=\"width: 50%; float: left; padding: 10px; -webkit-box-sizing: border-box; -moz-box-sizing: border-box; box-sizing: border-box;\">%amount%<\/span><\/li>\r\n \t<li style=\"width: 100%; float: left; line-height: inherit; list-style-type: none;\"><strong style=\"width: 50%; float: left; padding: 10px; color: #333; font-weight: 400; -webkit-box-sizing: border-box; -moz-box-sizing: border-box; box-sizing: border-box;\">Payment status:<\/strong> <span style=\"width: 50%; float: left; padding: 10px; -webkit-box-sizing: border-box; -moz-box-sizing: border-box; box-sizing: border-box;\">%status%<\/span><\/li>\r\n \t<li style=\"width: 100%; float: left; line-height: inherit; list-style-type: none; background: #f7f7f7;\"><strong style=\"width: 50%; float: left; padding: 10px; color: #333; font-weight: 400; -webkit-box-sizing: border-box; -moz-box-sizing: border-box; box-sizing: border-box;\">Payment Method:<\/strong> <span style=\"width: 50%; float: left; padding: 10px; -webkit-box-sizing: border-box; -moz-box-sizing: border-box; box-sizing: border-box;\">%method%<\/span><\/li>\r\n \t<li style=\"width: 100%; float: left; line-height: inherit; list-style-type: none;\"><strong style=\"width: 50%; float: left; padding: 10px; color: #333; font-weight: 400; -webkit-box-sizing: border-box; -moz-box-sizing: border-box; box-sizing: border-box;\">Purchase Date:<\/strong> <span style=\"width: 50%; float: left; padding: 10px; -webkit-box-sizing: border-box; -moz-box-sizing: border-box; box-sizing: border-box;\">%date%<\/span><\/li>\r\n \t<li style=\"width: 100%; float: left; line-height: inherit; list-style-type: none; background: #f7f7f7;\"><strong style=\"width: 50%; float: left; padding: 10px; color: #333; font-weight: 400; -webkit-box-sizing: border-box; -moz-box-sizing: border-box; box-sizing: border-box;\">Expiry Dat:<\/strong> <span style=\"width: 50%; float: left; padding: 10px; -webkit-box-sizing: border-box; -moz-box-sizing: border-box; box-sizing: border-box;\">%expiry%<\/span><\/li>\r\n<\/ul>\r\n%\r\n\r\n%signature%,","invite_hospitals_subject":"Invitation to signup ","invite_hospitalss_content":"Hello,\r\nYou have an invitation from %doctor_name% to register on the site. He wants to list yourself in your hospital onboard doctors.\r\nCreate your profile and get listed on the site. He have leave a message for you\r\n%invitation_content%\r\n%signature%","invite_doctors_subject":"Invitation to signup ","invite_doctors_content":"Hello,\r\nYou have an invitation from %hospital_name% to register on the site. They wants to list you as their onboard doctors\r\nCreate your profile and get listed on the site. They have leave a message for you\r\n%invitation_content%\r\n%signature%","article_pending_subject":"Your submitted needs approval","article_pending_content":"Hello %doctor_name%\r\nYour article %article_title% has been received with pending status.\r\n%signature%,","article_publish_subject":"Your article has been published","article_publish_content":"Hello %doctor_name%\r\nYour article %article_title% has been received with publish status.\r\n%signature%,","footer_type":"footer_1","copyright":"Copyrights \u00a9 2019 by <span>Doctreat<\/span>. All Rights Reserved.","footer_contact_section":"1","emergency_text":"Emergency Cal","emergency_phone":"1 234 5678 - 9","emergency_logo":{"url":"http:\/\/amentotech.com\/projects\/doctreat\/wp-content\/uploads\/2019\/08\/img-01.png","id":"30","height":"40","width":"45","thumbnail":"http:\/\/amentotech.com\/projects\/doctreat\/wp-content\/uploads\/2019\/08\/img-01.png","title":"img-01","caption":"","alt":"","description":""},"emergency_email_text":"24\/7 Email Support","emergency_email":"info@domain.com","emergency_support_logo":{"url":"http:\/\/amentotech.com\/projects\/doctreat\/wp-content\/uploads\/2019\/08\/img-02-1.png","id":"31","height":"40","width":"45","thumbnail":"http:\/\/amentotech.com\/projects\/doctreat\/wp-content\/uploads\/2019\/08\/img-02-1.png","title":"img-02","caption":"","alt":"","description":""},"site_loader":"1","loader_type":"default","loader_image":{"url":"","id":"","height":"","width":"","thumbnail":"","title":"","caption":"","alt":"","description":""},"loader_duration":"250","404_image":{"url":"http:\/\/amentotech.com\/projects\/doctreat\/wp-content\/uploads\/2019\/09\/img-01-3.jpg","id":"924","height":"350","width":"540","thumbnail":"http:\/\/amentotech.com\/projects\/doctreat\/wp-content\/uploads\/2019\/09\/img-01-3-150x150.jpg","title":"img-01","caption":"","alt":"","description":""},"404_title":"Ooopps! Page Not Found","404_subtitle":"Something Went Wrong","404_description":"Amet consectetur adipisicing eliteiuim sete eiuode tempor incint utoreas etnalom dolore maena aliqua udiminimate veniam quis incint utoreas.","main_logo":{"url":"","id":"","height":"","width":"","thumbnail":"","title":"","caption":"","alt":"","description":""},"header_type":"header_1","topbar_h1":"1","em_text":"Emergency Help!","em_phone":"005-45678-9","social_icons":{"facebook":"#","twitter":"#","linkedin":"#","googleplus":"#","youtube":"#","instagram":""},"hf_title":"Ask Query To Qualified Doctors","hf_sub_title":"To Get Your Solution","hf_description":"Lorem ipsum dolor amet consectetur adipisicing elit eiuim sete eiu tempor incididunt.","hf_btn_text":"Post Your Question","hf_image":{"url":"http:\/\/amentotech.com\/projects\/doctreat\/wp-content\/uploads\/2019\/08\/girl.png","id":"33","height":"314","width":"260","thumbnail":"http:\/\/amentotech.com\/projects\/doctreat\/wp-content\/uploads\/2019\/08\/girl-150x150.png","title":"girl","caption":"","alt":"","description":""},"hf_search_form":"1","maintenance":"0","date":"09\/28\/2019","cm_logo":{"url":"http:\/\/amentotech.com\/projects\/doctreat\/wp-content\/uploads\/2019\/08\/logo.png","id":"245","height":"29","width":"164","thumbnail":"http:\/\/amentotech.com\/projects\/doctreat\/wp-content\/uploads\/2019\/08\/logo-150x29.png","title":"logo","caption":"","alt":"","description":""},"cm_title":"Stay Tuned We\u2019re","cm_sub_title":"Launching Very Soon!","cm_description":"Lorem ipsum dolor amet consectetur adipisicing eliuim sete eod tempor incididunt ut labore dolore lokate\r\n","cm_image":{"url":"http:\/\/amentotech.com\/projects\/doctreat\/wp-content\/uploads\/2019\/08\/banner-img.png","id":"113","height":"694","width":"1920","thumbnail":"http:\/\/amentotech.com\/projects\/doctreat\/wp-content\/uploads\/2019\/08\/banner-img-150x150.png","title":"banner-img","caption":"","alt":"","description":""},"cm_copyright":"Copyrights \u00a9 2019 by doctreat. All Rights Reserved.","payment_type":"online","admin_commision":"20","min_amount":"","enable_checkout_page":"","success_title":"","success_desc":"","system_booking_oncall":"1","booking_model_logo":{"url":"http:\/\/amentotech.com\/projects\/doctreat\/wp-content\/uploads\/2020\/01\/popup-img.png","id":"1449","height":"173","width":"265","thumbnail":"http:\/\/amentotech.com\/projects\/doctreat\/wp-content\/uploads\/2020\/01\/popup-img-150x150.png","title":"popup-img","caption":"","alt":"","description":""},"booking_model_title":"Need Health Related Help?","booking_system_contact":"","booking_contact_numbers":["(+1) 234-4567-089","(+1) 932-4967-025"],"booking_contact_detail":"Would you like to connect to this doctor?","listing_type":"paid","user_registration":"1","registration_form":"1","user_type_registration":["doctors","hospitals","regular_users"],"login_form":"1","login_page":"1238","verify_user":"","step1_title":"Join For a Good Start","step1_description":"Consectetur adipisicing elit sed dotem eiusmod tempor incune utnaem labore etdolore maigna aliqua enim poskina","step2_title":"Join For a Good Start","step2_description":"Consectetur adipisicing elit sed dotem eiusmod tempor incune utnaem labore etdolore maigna aliqua enim poskina","term_text":"Consectetur Adipisicing Elit Sed Do Eiusmod Tempor Incididunt Ut Labore Et Dolore Magna Aliqua Enim Ad Minim Veniam Quis.","term_page":"23","step3_title":"You're Almost There","step3_description":"Consectetur adipisicing elit sed dotem eiusmod tempor incune utnaem labore etdolore maigna aliqua enim poskina","step3_image":{"url":"http:\/\/amentotech.com\/projects\/doctreat\/wp-content\/uploads\/2019\/08\/img-04.jpg","id":"32","height":"220","width":"220","thumbnail":"http:\/\/amentotech.com\/projects\/doctreat\/wp-content\/uploads\/2019\/08\/img-04-150x150.jpg","title":"img-04","caption":"","alt":"","description":""},"step3_code_page":"182","step4_title":"Congratulations!","step4_description":"Consectetur adipisicing elit sed dotem eiusmod tempor incune utnaem labore etdolore maigna aliqua enim poskina","search_form":"1","search_type":"both","search_result_page":"16","hide_home_page":"0","dashboard_search":"1","add_settings":"1","show_add":"middle","add_code":"<img src=\"http:\/\/amentotech.com\/projects\/doctreat\/wp-content\/uploads\/2019\/09\/img-01-2.jpg\" alt=\"adds\" \/>","social_facebook":"1","social_twitter":"1","twitter_username":"envato","social_gmail":"1","social_pinterest":"1","site_colors":"0","theme_primary_color":"#3fabf3","theme_secondary_color":"#ff5851","theme_tertiary_color":"#ff5851","theme_footer_color":"#3d4461","titlebar_type":"default","enable_breadcrumbs":"1","title_bar_bg":"#ffffff","title_bar_text":"#767676","tip_content_bg":"#3fabf3","tip_content_color":"#ffffff","tip_title_bg":"#3fabf3","tip_title_color":"#ffffff","tip_am_sub_heading":"","tip_am_first_name":"","tip_am_last_name":"","tip_display_name":"","tip_am_web_url":"","tip_am_phone_numbers":"","tip_am_starting_price":"","tip_longitude":"","tip_latitude":"","tip_am_registration_number":"","tip_paypal_email":"","tip_bank_account_name":"","tip_bank_account_number":"","tip_bank_name":"","tip_bank_routing_number":"","tip_bank_iban":"","tip_bank_bic_swift":"","tip_post_title":"","typography_option":"0","regular_typography":{"font-family":"Arial","font-options":"","google":"1","font-backup":"","font-weight":"700","font-style":"","subsets":"","text-align":"","font-size":"33px","line-height":"40px","color":"#333"},"body_paragraph_typography":{"font-family":"Arial","font-options":"","google":"1","font-backup":"","font-weight":"700","font-style":"","subsets":"","text-align":"","font-size":"33px","line-height":"40px","color":"#ffffff"},"h1_heading_typography":{"font-family":"Arial","font-options":"","google":"1","font-backup":"","font-weight":"700","font-style":"","subsets":"","text-align":"","font-size":"33px","line-height":"40px","color":"#dd3333"},"h2_heading_typography":{"font-family":"Arial","font-options":"","google":"1","font-backup":"","font-weight":"700","font-style":"","subsets":"","text-align":"","font-size":"33px","line-height":"40px","color":"#eeee22"},"h3_heading_typography":{"font-family":"Abel","font-options":"","google":"1","font-backup":"","font-weight":"400","font-style":"","subsets":"latin","text-align":"","font-size":"33px","line-height":"40px","color":"#333"},"h4_heading_typography":{"font-family":"Abel","font-options":"","google":"1","font-backup":"","font-weight":"400","font-style":"","subsets":"latin","text-align":"","font-size":"33px","line-height":"40px","color":"#333"},"h5_heading_typography":{"font-family":"Abel","font-options":"","google":"1","font-backup":"","font-weight":"400","font-style":"","subsets":"latin","text-align":"","font-size":"33px","line-height":"40px","color":"#333"},"h6_heading_typography":{"font-family":"Abel","font-options":"","google":"1","font-backup":"","font-weight":"400","font-style":"","subsets":"latin","text-align":"","font-size":"33px","line-height":"40px","color":"#333"},"script_source":true,"approved_booking_request_subject":"Approved appoinment","approved_booking_request_content":"Hello %user_name%<br \/>\r\n\t\t\t\t\t\t\t%doctor_name% is approved your appoinment on date  %appointment_date% at %appointment_time% <br \/>\r\n\t\t\t\t\t\t\t%signature%,<br \/>","cancelled_booking_request_subject":"cancelled appoinment","cancelled_booking_request_content":"Hello %user_name%<br \/>\r\n\t\t\t\t\t\t\t%doctor_name% is cancelled your appoinment on date  %appointment_date% at %appointment_time% <br \/>\r\n\t\t\t\t\t\t\t%signature%,<br \/>","hide_location":"no","redux-backup":"1"}