{"version":"0.4","title":"about-us","type":"page","content":[{"id":"753822","settings":{"structure":"30","margin":{"unit":"px","top":"72","right":0,"bottom":"0","left":0,"isLinked":false},"margin_mobile":{"unit":"px","top":"0","right":0,"bottom":"0","left":0,"isLinked":false}},"elements":[{"id":"32a6a438","settings":{"_column_size":33,"_inline_size":8.5999999999999996},"elements":[],"isInner":false,"elType":"column"},{"id":"2e900bce","settings":{"_column_size":33,"_inline_size":82.132000000000005,"padding":{"unit":"px","top":"0","right":"0","bottom":"0","left":"0","isLinked":false}},"elements":[{"id":"21b5acfe","settings":{"title":"About Diza WooCommerce","typography_typography":"custom","typography_font_family":"Nunito Sans","typography_font_size":{"unit":"px","size":38,"sizes":[]},"typography_font_weight":"700","typography_line_height":{"unit":"px","size":48,"sizes":[]},"_margin":{"unit":"px","top":"0","right":"0","bottom":"13","left":"0","isLinked":false},"typography_font_size_mobile":{"unit":"px","size":26,"sizes":[]},"typography_line_height_mobile":{"unit":"px","size":"","sizes":[]},"title_color":"#0B132B"},"elements":[],"isInner":false,"widgetType":"heading","elType":"widget"},{"id":"6bfa4a49","settings":{"editor":"<p>Welcome to diza.medical.com, a convenient way for you to order commoneveryday medical and personal care items. Our team is made up of clinicians, researchers, engineers, financial experts and 1,200 direct sales representatives with outstanding expertise. They know the healthcare business from the bottom up and top down.<\/p>","text_color":"#6A7180","typography_typography":"custom","typography_font_family":"Roboto","typography_font_size":{"unit":"px","size":16,"sizes":[]},"typography_line_height":{"unit":"px","size":28,"sizes":[]},"typography_font_size_mobile":{"unit":"px","size":14,"sizes":[]}},"elements":[],"isInner":false,"widgetType":"text-editor","elType":"widget"},{"id":"14c1768b","settings":{"editor":"<p>We\u2019re happy to help. If you have any questions regarding a product or an order, please feel free to reach out to us at info@domain.com.<\/p>","text_color":"#0B132B","typography_typography":"custom","typography_font_size":{"unit":"px","size":16,"sizes":[]},"_margin":{"unit":"px","top":"7","right":"0","bottom":"0","left":"0","isLinked":false},"typography_font_size_mobile":{"unit":"px","size":14,"sizes":[]}},"elements":[],"isInner":false,"widgetType":"text-editor","elType":"widget"}],"isInner":false,"elType":"column"},{"id":"36262432","settings":{"_column_size":33,"_inline_size":8.5999999999999996},"elements":[],"isInner":false,"elType":"column"}],"isInner":false,"elType":"section"},{"id":"526d147c","settings":{"structure":"20","margin":{"unit":"px","top":"61","right":0,"bottom":"0","left":0,"isLinked":false},"margin_mobile":{"unit":"px","top":"30","right":0,"bottom":"20","left":0,"isLinked":false}},"elements":[{"id":"7b0fb947","settings":{"_column_size":50,"_inline_size":null,"padding":{"unit":"px","top":"0","right":"15","bottom":"0","left":"0","isLinked":false},"padding_mobile":{"unit":"px","top":"0","right":"0","bottom":"15","left":"0","isLinked":false}},"elements":[{"id":"54ed9afa","settings":{"image":{"url":"https:\/\/elementor.thembay.com\/diza\/wp-content\/uploads\/2020\/06\/img-about-us-01.png","id":515},"align":"left","link_to":"custom","link":{"url":"#","is_external":"","nofollow":"","custom_attributes":""},"align_mobile":"center"},"elements":[],"isInner":false,"widgetType":"image","elType":"widget"}],"isInner":false,"elType":"column"},{"id":"51b69b3c","settings":{"_column_size":50,"_inline_size":null,"padding":{"unit":"px","top":"0","right":"0","bottom":"0","left":"15","isLinked":false},"padding_mobile":{"unit":"px","top":"0","right":"0","bottom":"0","left":"0","isLinked":false}},"elements":[{"id":"51ef60f1","settings":{"image":{"url":"https:\/\/elementor.thembay.com\/diza\/wp-content\/uploads\/2020\/06\/img-about-us-02.png","id":516},"align":"right","link_to":"custom","link":{"url":"#","is_external":"","nofollow":"","custom_attributes":""},"align_mobile":"center"},"elements":[],"isInner":false,"widgetType":"image","elType":"widget"}],"isInner":false,"elType":"column"}],"isInner":false,"elType":"section"},{"id":"54ad95b1","settings":{"margin":{"unit":"px","top":"47","right":0,"bottom":"60","left":0,"isLinked":false},"padding":{"unit":"px","top":"0","right":"0","bottom":"0","left":"0","isLinked":false},"stretch_section":"section-stretched","margin_mobile":{"unit":"px","top":"50","right":0,"bottom":"50","left":0,"isLinked":true}},"elements":[{"id":"289873d6","settings":{"_column_size":100,"_inline_size":null},"elements":[{"id":"2c3190aa","settings":{"heading_title":"Why Choose Us?","heading_icon":{"value":"","library":""},"heading_title_typography_typography":"custom","heading_title_typography_font_size":{"unit":"px","size":40,"sizes":[]},"heading_title_typography_letter_spacing":{"unit":"px","size":-1,"sizes":[]},"_margin":{"unit":"px","top":"0","right":"0","bottom":"23","left":"0","isLinked":false},"heading_title_typography_font_size_mobile":{"unit":"px","size":26,"sizes":[]},"_margin_mobile":{"unit":"px","top":"0","right":"0","bottom":"15","left":"0","isLinked":false},"heading_title_typography_font_weight":"700"},"elements":[],"isInner":false,"widgetType":"tbay-heading","elType":"widget"},{"id":"272e0dd0","settings":{"features":[{"feature_title":"24\/7 Support","feature_desc":"Excepteur sint occaecat cupidatat non proident, sunt in culpa qui officia deserunt mollit anim id est laborum.","feature_type":"","type_icon":{"value":"","library":""},"type_image":{"url":"","id":""},"feature_margin_icon":{"unit":"px","top":"","right":"","bottom":"","left":"","isLinked":true},"feature_margin_icon_tablet":{"unit":"px","top":"","right":"","bottom":"","left":"","isLinked":true},"feature_margin_icon_mobile":{"unit":"px","top":"","right":"","bottom":"","left":"","isLinked":true},"_id":"197f357"},{"feature_title":"Free Shipping","feature_desc":"Excepteur sint occaecat cupidatat non proident, sunt in culpa qui officia deserunt mollit anim id est laborum.","feature_type":"images","type_icon":{"value":"tb-icon tb-icon-gift","library":"tbay-custom"},"type_image":{"url":"","id":""},"feature_margin_icon":{"unit":"px","top":"","right":"","bottom":"","left":"","isLinked":true},"feature_margin_icon_tablet":{"unit":"px","top":"","right":"","bottom":"","left":"","isLinked":true},"feature_margin_icon_mobile":{"unit":"px","top":"","right":"","bottom":"","left":"","isLinked":true},"_id":"300c698"},{"feature_title":"Refund Anytime","feature_desc":"Excepteur sint occaecat cupidatat non proident, sunt in culpa qui officia deserunt mollit anim id est laborum.","feature_type":"images","type_icon":{"value":"tb-icon tb-icon-gift","library":"tbay-custom"},"type_image":{"url":"","id":""},"feature_margin_icon":{"unit":"px","top":"","right":"","bottom":"","left":"","isLinked":true},"feature_margin_icon_tablet":{"unit":"px","top":"","right":"","bottom":"","left":"","isLinked":true},"feature_margin_icon_mobile":{"unit":"px","top":"","right":"","bottom":"","left":"","isLinked":true},"_id":"69b4068"}],"column":"3","col_desktop":"3","col_desktopsmall":"3","feature_title_font":{"unit":"px","size":16,"sizes":[]},"spacing_title":{"unit":"px","top":"5","right":"0","bottom":"18","left":"0","isLinked":false},"feature_desc_font":{"unit":"px","size":16,"sizes":[]},"feature_desc_line-height":{"unit":"px","size":28,"sizes":[]},"feature_align":"center","column_mobile":"1","feature_desc_color":"#6A7180"},"elements":[],"isInner":false,"widgetType":"tbay-features","elType":"widget"}],"isInner":false,"elType":"column"}],"isInner":false,"elType":"section"},{"id":"4cd3be5f","settings":{"stretch_section":"section-stretched","layout":"full_width","gap":"no","margin_mobile":{"unit":"px","top":"50","right":0,"bottom":"50","left":0,"isLinked":true},"hide_mobile":"hidden-phone"},"elements":[{"id":"6b402d0f","settings":{"_column_size":100,"_inline_size":null},"elements":[{"id":"3322fd5e","settings":{"youtube_url":"https:\/\/www.youtube.com\/watch?v=XHOmBV4js_E","vimeo_url":"https:\/\/vimeo.com\/235215203","dailymotion_url":"https:\/\/www.dailymotion.com\/video\/x6tqhqb","show_image_overlay":"yes","image_overlay":{"url":"https:\/\/elementor.thembay.com\/diza\/wp-content\/uploads\/2020\/06\/video-about-us.png","id":526},"lightbox":"yes"},"elements":[],"isInner":false,"widgetType":"video","elType":"widget"}],"isInner":false,"elType":"column"}],"isInner":false,"elType":"section"},{"id":"220f755a","settings":{"stretch_section":"section-stretched","content_width":{"unit":"px","size":700,"sizes":[]},"margin":{"unit":"px","top":"47","right":0,"bottom":"0","left":0,"isLinked":false},"margin_mobile":{"unit":"px","top":"50","right":0,"bottom":"50","left":0,"isLinked":true}},"elements":[{"id":"115f067f","settings":{"_column_size":100,"_inline_size":null},"elements":[{"id":"c8457ee","settings":{"layout_type":"carousel","testimonials":[{"testimonial_image":{"url":"https:\/\/elementor.thembay.com\/diza\/wp-content\/uploads\/2020\/06\/test-1.png","id":528},"testimonial_name":"Murielle B","testimonial_job":"Supporter","testimonial_excerpt":"I am so pleased with this product. Medical saved my\nbusiness. I am really satisfied with my medical. Medical is\nexactly what our business has been lacking.","_id":"931f8e9"},{"testimonial_image":{"url":"https:\/\/elementor.thembay.com\/diza\/wp-content\/uploads\/2020\/06\/test-2.png","id":529},"testimonial_name":"Selena","testimonial_job":"Nurse","testimonial_excerpt":"I am so pleased with this product. Medical saved my\nbusiness. I am really satisfied with my medical. Medical is\nexactly what our business has been lacking.","_id":"a14af15"},{"testimonial_image":{"url":"https:\/\/elementor.thembay.com\/diza\/wp-content\/uploads\/2020\/06\/test-3.png","id":530},"testimonial_name":"David","testimonial_job":"Doctor","testimonial_excerpt":"I am so pleased with this product. Medical saved my\nbusiness. I am really satisfied with my medical. Medical is\nexactly what our business has been lacking.","_id":"2511a49"},{"testimonial_image":{"url":"https:\/\/elementor.thembay.com\/diza\/wp-content\/uploads\/2020\/06\/test-3.png","id":530},"testimonial_name":"Joe","testimonial_job":"CEO","testimonial_excerpt":"I am so pleased with this product. Medical saved my\nbusiness. I am really satisfied with my medical. Medical is\nexactly what our business has been lacking.","_id":"cb40e20"}],"column":"1","loop":"yes","column_tablet":"1","column_mobile":"1","col_desktop":"1","col_desktopsmall":"1","col_landscape":"1","auto":"","disable_mobile":"","heading_icon":{"value":"","library":""}},"elements":[],"isInner":false,"widgetType":"tbay-testimonials","elType":"widget"}],"isInner":false,"elType":"column"}],"isInner":false,"elType":"section"},{"id":"4f48ab18","settings":{"stretch_section":"section-stretched","margin":{"unit":"px","top":"-1","right":0,"bottom":"0","left":0,"isLinked":false},"margin_mobile":{"unit":"px","top":"50","right":0,"bottom":"50","left":0,"isLinked":true}},"elements":[{"id":"3ab9074b","settings":{"_column_size":100,"_inline_size":null},"elements":[{"id":"54abfbbc","settings":{"heading_title":"Meet Our Free Medical","heading_icon":{"value":"","library":""},"our_team_align":"center","our_team":[{"our_team_name":"Norman Garcia","our_team_job":"Front Office","our_team_image":{"url":"https:\/\/elementor.thembay.com\/diza\/wp-content\/uploads\/2020\/06\/term-01.png","id":532},"our_team_link_fb":{"url":"#","is_external":true,"nofollow":true},"our_team_link_tw":{"url":"#","is_external":true,"nofollow":true},"our_team_link_gg":{"url":"","is_external":true,"nofollow":true},"our_team_link_linkin":{"url":"","is_external":true,"nofollow":true},"our_team_link_instaram":{"url":"#","is_external":true,"nofollow":true},"_id":"e42a2df"},{"our_team_name":"Alfonso Jensen","our_team_job":"Retail Manager","our_team_image":{"url":"https:\/\/elementor.thembay.com\/diza\/wp-content\/uploads\/2020\/06\/term-02.png","id":533},"our_team_link_fb":{"url":"#","is_external":true,"nofollow":true},"our_team_link_tw":{"url":"#","is_external":true,"nofollow":true},"our_team_link_gg":{"url":"","is_external":true,"nofollow":true},"our_team_link_linkin":{"url":"","is_external":true,"nofollow":true},"our_team_link_instaram":{"url":"#","is_external":true,"nofollow":true},"_id":"7326200"},{"our_team_name":"Mrs Marry","our_team_job":"Customer Support","our_team_image":{"url":"https:\/\/elementor.thembay.com\/diza\/wp-content\/uploads\/2020\/06\/term-03.png","id":534},"our_team_link_fb":{"url":"#","is_external":true,"nofollow":true},"our_team_link_tw":{"url":"#","is_external":true,"nofollow":true},"our_team_link_gg":{"url":"","is_external":true,"nofollow":true},"our_team_link_linkin":{"url":"","is_external":true,"nofollow":true},"our_team_link_instaram":{"url":"#","is_external":true,"nofollow":true},"_id":"dfbfe21"},{"our_team_name":"Roy Gomez","our_team_job":"Marketing Manager","our_team_image":{"url":"https:\/\/elementor.thembay.com\/diza\/wp-content\/uploads\/2020\/06\/term-04.png","id":535},"our_team_link_fb":{"url":"#","is_external":true,"nofollow":true},"our_team_link_tw":{"url":"#","is_external":true,"nofollow":true},"our_team_link_gg":{"url":"","is_external":true,"nofollow":true},"our_team_link_linkin":{"url":"","is_external":true,"nofollow":true},"our_team_link_instaram":{"url":"#","is_external":true,"nofollow":true},"_id":"f44c37a"},{"our_team_name":"Josefina O'Brien","our_team_job":"Front Office","our_team_image":{"url":"https:\/\/elementor.thembay.com\/diza\/wp-content\/uploads\/2020\/06\/term-05.png","id":536},"our_team_link_fb":{"url":"#","is_external":true,"nofollow":true},"our_team_link_tw":{"url":"#","is_external":true,"nofollow":true},"our_team_link_gg":{"url":"","is_external":true,"nofollow":true},"our_team_link_linkin":{"url":"","is_external":true,"nofollow":true},"our_team_link_instaram":{"url":"#","is_external":true,"nofollow":true},"_id":"d629c1f"},{"our_team_name":"Gwen M.","our_team_job":"Marketing Manager","our_team_image":{"url":"https:\/\/elementor.thembay.com\/diza\/wp-content\/uploads\/2020\/06\/term-06.png","id":537},"our_team_link_fb":{"url":"#","is_external":true,"nofollow":true},"our_team_link_tw":{"url":"#","is_external":true,"nofollow":true},"our_team_link_gg":{"url":"","is_external":true,"nofollow":true},"our_team_link_linkin":{"url":"","is_external":true,"nofollow":true},"our_team_link_instaram":{"url":"#","is_external":true,"nofollow":true},"_id":"f69a34b"}],"column":"3","col_desktop":"3","col_desktopsmall":"3","heading_title_typography_typography":"custom","heading_title_typography_font_weight":"700","heading_title_typography_line_height":{"unit":"px","size":48,"sizes":[]},"heading_title_typography_letter_spacing":{"unit":"px","size":-1,"sizes":[]},"_margin":{"unit":"px","top":"12","right":"0","bottom":"0","left":"0","isLinked":false},"heading_title_typography_font_size":{"unit":"px","size":40,"sizes":[]},"heading_title_typography_font_size_mobile":{"unit":"px","size":26,"sizes":[]},"title_our_team_color":"#0B132B","job_our_team_color":"#828895"},"elements":[],"isInner":false,"widgetType":"tbay-our-team","elType":"widget"}],"isInner":false,"elType":"column"}],"isInner":false,"elType":"section"},{"id":"338bd905","settings":{"margin":{"unit":"px","top":"103","right":0,"bottom":"37","left":0,"isLinked":false},"margin_mobile":{"unit":"px","top":"50","right":0,"bottom":"50","left":0,"isLinked":true}},"elements":[{"id":"28eb4507","settings":{"_column_size":100,"_inline_size":null,"padding_mobile":{"unit":"px","top":"0","right":"0","bottom":"0","left":"0","isLinked":false}},"elements":[{"id":"ef2a290","settings":{"title":"We Are Available. Interested in Collaboration?\n","align":"center","typography_typography":"custom","typography_font_size":{"unit":"px","size":40,"sizes":[]},"typography_font_weight":"700","typography_line_height":{"unit":"px","size":48,"sizes":[]},"typography_letter_spacing":{"unit":"px","size":-1,"sizes":[]},"typography_font_size_mobile":{"unit":"px","size":26,"sizes":[]},"typography_line_height_mobile":{"unit":"px","size":34,"sizes":[]},"title_color":"#0B132B"},"elements":[],"isInner":false,"widgetType":"heading","elType":"widget"},{"id":"75049f42","settings":{"title":"Get in Touch.","link":{"url":"https:\/\/elementor.thembay.com\/diza\/contact-us\/","is_external":"","nofollow":"","custom_attributes":""},"align":"center","title_color":"#075CC9","typography_typography":"custom","typography_font_size":{"unit":"px","size":40,"sizes":[]},"typography_font_weight":"700","typography_line_height":{"unit":"px","size":48,"sizes":[]},"typography_letter_spacing":{"unit":"px","size":-1,"sizes":[]},"typography_font_size_mobile":{"unit":"px","size":26,"sizes":[]},"_css_classes":"underline","typography_line_height_mobile":{"unit":"px","size":34,"sizes":[]}},"elements":[],"isInner":false,"widgetType":"heading","elType":"widget"}],"isInner":false,"elType":"column"}],"isInner":false,"elType":"section"}]}