{"version":"0.4","title":"Home","type":"page","content":[{"id":"433dd86a","settings":{"margin":{"unit":"px","top":"","right":0,"bottom":"","left":0,"isLinked":true}},"elements":[{"id":"4b1600e5","settings":{"_column_size":100,"_inline_size":null,"padding":{"unit":"px","top":"0","right":"0","bottom":"0","left":"0","isLinked":false}},"elements":[{"id":"3b13b0d5","settings":{"revslidertitle":"Slider Protective suit","shortcode":"[rev_slider alias=\"slider-protective-suit\" slidertitle=\"Slider Protective suit\"][\/rev_slider]"},"elements":[],"isInner":false,"widgetType":"slider_revolution","elType":"widget"}],"isInner":false,"elType":"column"}],"isInner":false,"elType":"section"},{"id":"627ef3e9","settings":{"padding":{"unit":"px","top":"56","right":"0","bottom":"0","left":"0","isLinked":false},"stretch_section":"section-stretched","padding_tablet":{"unit":"px","top":"27","right":"0","bottom":"0","left":"0","isLinked":false},"padding_mobile":{"unit":"px","top":"50","right":"0","bottom":"0","left":"0","isLinked":false}},"elements":[{"id":"40dbe3e4","settings":{"_column_size":100,"_inline_size":null},"elements":[{"id":"3a27e3","settings":{"heading_title":"Shop By Category","heading_subtitle":"Visit our shop to see amazing products","list_category":[{"category":"gloves","type":"icon","type_icon":{"value":"tb-icon tb-icon-glove","library":"tbay-custom"},"type_image":{"url":"https:\/\/elementor.thembay.com\/diza\/wp-content\/plugins\/elementor\/assets\/images\/placeholder.png"},"display_custom":"no","_id":"6d808a0"},{"category":"surgical-masks","type":"icon","type_icon":{"value":"tb-icon tb-icon-mask","library":"tbay-custom"},"type_image":{"url":"https:\/\/elementor.thembay.com\/diza\/wp-content\/plugins\/elementor\/assets\/images\/placeholder.png"},"display_custom":"no","_id":"6c1abb9"},{"category":"surgical-clothing","type":"icon","type_icon":{"value":"tb-icon tb-icon-laboratory-equipment","library":"tbay-custom"},"type_image":{"url":"https:\/\/elementor.thembay.com\/diza\/wp-content\/plugins\/elementor\/assets\/images\/placeholder.png"},"display_custom":"no","_id":"29219c5"},{"category":"surgical-caps","type":"icon","type_icon":{"value":"tb-icon tb-icon-nurse","library":"tbay-custom"},"type_image":{"url":"https:\/\/elementor.thembay.com\/diza\/wp-content\/plugins\/elementor\/assets\/images\/placeholder.png"},"display_custom":"no","_id":"16742bd"},{"category":"safety-glasses","type":"icon","type_icon":{"value":"tb-icon tb-icon-glasses","library":"tbay-custom"},"type_image":{"url":"https:\/\/elementor.thembay.com\/diza\/wp-content\/plugins\/elementor\/assets\/images\/placeholder.png"},"display_custom":"no","_id":"69b235a"},{"category":"infection-prevention","type":"icon","type_icon":{"value":"tb-icon tb-icon-infected","library":"tbay-custom"},"type_image":{"url":"https:\/\/elementor.thembay.com\/diza\/wp-content\/plugins\/elementor\/assets\/images\/placeholder.png"},"display_custom":"no","_id":"93ed9ba"}],"spacing_content":{"unit":"px","top":"15","right":"0","bottom":"0","left":"0","isLinked":false},"display_count_category":"","text_show_all":"See all categories","column":"6","col_desktop":"6","list_categories_content_margin":{"unit":"px","top":"0","right":"15","bottom":"0","left":"15","isLinked":false},"col_desktopsmall":"6","heading_title_bottom_space_tablet":{"unit":"px","size":0,"sizes":[]},"column_tablet":"3","list_categories_title_margin_tablet":{"unit":"px","top":"10","right":"0","bottom":"25","left":"0","isLinked":false},"list_categories_title_margin_mobile":{"unit":"px","top":"5","right":"0","bottom":"10","left":"0","isLinked":false},"list_categories_title_margin":{"unit":"px","top":"18","right":"0","bottom":"0","left":"0","isLinked":false},"list_categories_content_margin_mobile":{"unit":"px","top":"12","right":"8","bottom":"5","left":"8","isLinked":false}},"elements":[],"isInner":false,"widgetType":"tbay-custom-image-list-categories","elType":"widget"}],"isInner":false,"elType":"column"}],"isInner":false,"elType":"section"},{"id":"4e251a94","settings":{"stretch_section":"section-stretched","structure":"20","padding":{"unit":"px","top":"74","right":"0","bottom":"0","left":"0","isLinked":false},"padding_tablet":{"unit":"px","top":"50","right":"0","bottom":"0","left":"0","isLinked":false}},"elements":[{"id":"7d46b3f2","settings":{"_column_size":50,"_inline_size":null,"padding_mobile":{"unit":"px","top":"0","right":"15","bottom":"15","left":"15","isLinked":false}},"elements":[{"id":"25db340e","settings":{"image":{"url":"https:\/\/elementor.thembay.com\/diza\/wp-content\/uploads\/2020\/07\/banner-01.png","id":1841},"image_size":"full","link_to":"custom","link":{"url":"https:\/\/elementor.thembay.com\/diza\/shop\/","is_external":"","nofollow":"","custom_attributes":""}},"elements":[],"isInner":false,"widgetType":"image","elType":"widget"}],"isInner":false,"elType":"column"},{"id":"43e9e88e","settings":{"_column_size":50,"_inline_size":null},"elements":[{"id":"d104f9e","settings":{"image":{"url":"https:\/\/elementor.thembay.com\/diza\/wp-content\/uploads\/2020\/07\/banner-02.png","id":1842},"image_size":"full","link_to":"custom","link":{"url":"https:\/\/elementor.thembay.com\/diza\/shop\/","is_external":"","nofollow":"","custom_attributes":""}},"elements":[],"isInner":false,"widgetType":"image","elType":"widget"}],"isInner":false,"elType":"column"}],"isInner":false,"elType":"section"},{"id":"7d30e57e","settings":{"padding":{"unit":"px","top":"57","right":"0","bottom":"0","left":"0","isLinked":false},"stretch_section":"section-stretched","padding_tablet":{"unit":"px","top":"27","right":"0","bottom":"0","left":"0","isLinked":false},"padding_mobile":{"unit":"px","top":"50","right":"0","bottom":"0","left":"0","isLinked":false}},"elements":[{"id":"2824a9b1","settings":{"_column_size":100,"_inline_size":null},"elements":[{"id":"227ee215","settings":{"heading_title":"Featured Products","heading_subtitle":"Visit our shop to see amazing products","limit":10,"categories":["gloves","hand-sanitizers","health-care","surgical-caps","surgical-clothing","surgical-masks"],"column":"5","col_desktop":"5","col_desktopsmall":"4","heading_categories_tab_align":"center"},"elements":[],"isInner":false,"widgetType":"tbay-product-categories-tabs","elType":"widget"}],"isInner":false,"elType":"column"}],"isInner":false,"elType":"section"},{"id":"6d171473","settings":{"stretch_section":"section-stretched","structure":"20","padding":{"unit":"px","top":"78","right":"0","bottom":"0","left":"0","isLinked":false},"padding_tablet":{"unit":"px","top":"20","right":"0","bottom":"0","left":"0","isLinked":false},"padding_mobile":{"unit":"px","top":"0","right":"0","bottom":"0","left":"0","isLinked":false}},"elements":[{"id":"64df0b46","settings":{"_column_size":50,"_inline_size":null},"elements":[{"id":"69579f54","settings":{"image":{"url":"https:\/\/elementor.thembay.com\/diza\/wp-content\/uploads\/2020\/07\/banner-home-03.svg","id":1782},"image_size":"full","link_to":"custom","link":{"url":"https:\/\/elementor.thembay.com\/diza\/shop\/","is_external":"","nofollow":"","custom_attributes":""},"_padding_mobile":{"unit":"px","top":"0","right":"0","bottom":"15","left":"0","isLinked":false},"width":{"unit":"%","size":100,"sizes":[]}},"elements":[],"isInner":false,"widgetType":"image","elType":"widget"}],"isInner":false,"elType":"column"},{"id":"4f6ae614","settings":{"_column_size":50,"_inline_size":null},"elements":[{"id":"4554f649","settings":{"image":{"url":"https:\/\/elementor.thembay.com\/diza\/wp-content\/uploads\/2020\/07\/banner-home-04.svg","id":1783},"image_size":"full","link_to":"custom","link":{"url":"https:\/\/elementor.thembay.com\/diza\/shop\/","is_external":"","nofollow":"","custom_attributes":""},"width":{"unit":"%","size":100,"sizes":[]}},"elements":[],"isInner":false,"widgetType":"image","elType":"widget"}],"isInner":false,"elType":"column"}],"isInner":false,"elType":"section"},{"id":"3272c801","settings":{"padding":{"unit":"px","top":"55","right":"0","bottom":"0","left":"0","isLinked":false},"stretch_section":"section-stretched","padding_tablet":{"unit":"px","top":"27","right":"0","bottom":"0","left":"0","isLinked":false},"padding_mobile":{"unit":"px","top":"50","right":"0","bottom":"0","left":"0","isLinked":false}},"elements":[{"id":"75e4becc","settings":{"_column_size":100,"_inline_size":null},"elements":[{"id":"5394689d","settings":{"heading_title":"Best Sellers","heading_subtitle":"Visit our shop to see amazing products","heading_style_padding":{"unit":"px","top":"25","right":"0","bottom":"40","left":"0","isLinked":false},"limit":8,"layout_type":"carousel","categories":["gloves"],"product_type":"best_selling","column":"5","pagination":"yes","col_desktop":"5","col_desktopsmall":"4","heading_style_padding_mobile":{"unit":"px","top":"0","right":"0","bottom":"10","left":"0","isLinked":false}},"elements":[],"isInner":false,"widgetType":"tbay-products","elType":"widget"}],"isInner":false,"elType":"column"}],"isInner":false,"elType":"section"},{"id":"3c66fec3","settings":{"stretch_section":"section-stretched","height":"min-height","background_background":"classic","background_image":{"url":"https:\/\/elementor.thembay.com\/diza\/wp-content\/uploads\/2020\/07\/banner-05.jpg","id":1749},"background_position":"center center","background_repeat":"no-repeat","background_size":"auto","margin":{"unit":"px","top":"48","right":0,"bottom":"0","left":0,"isLinked":false},"custom_height_mobile":{"unit":"px","size":300,"sizes":[]}},"elements":[{"id":"1f814307","settings":{"_column_size":100,"_inline_size":null,"margin":{"unit":"px","top":"-23","right":"0","bottom":"0","left":"0","isLinked":false}},"elements":[{"id":"43aa419","settings":{"editor":"<p>From the ER to everyday.<\/p>","text_color":"#FFFFFF","typography_typography":"custom","typography_font_family":"Nunito Sans","typography_font_size":{"unit":"px","size":50,"sizes":[]},"typography_font_weight":"bold","typography_line_height":{"unit":"px","size":58,"sizes":[]},"_margin":{"unit":"px","top":"0","right":"0","bottom":"0","left":"0","isLinked":false},"_padding":{"unit":"px","top":"0","right":"0","bottom":"0","left":"0","isLinked":false},"typography_font_size_mobile":{"unit":"px","size":30,"sizes":[]},"typography_line_height_mobile":{"unit":"px","size":36,"sizes":[]}},"elements":[],"isInner":false,"widgetType":"text-editor","elType":"widget"},{"id":"4134d85d","settings":{"editor":"<p>Breathe easier with dependable home respiratory supplies.<\/p>","text_color":"#FFFFFF","typography_typography":"custom","typography_font_family":"Roboto","typography_font_size":{"unit":"px","size":18,"sizes":[]},"typography_line_height":{"unit":"px","size":28,"sizes":[]},"_padding":{"unit":"px","top":"0","right":"0","bottom":"21","left":"0","isLinked":false},"typography_font_size_mobile":{"unit":"px","size":15,"sizes":[]},"typography_line_height_mobile":{"unit":"px","size":22,"sizes":[]}},"elements":[],"isInner":false,"widgetType":"text-editor","elType":"widget"},{"id":"4ce8b549","settings":{"text":"Shop all","typography_typography":"custom","typography_font_family":"Nunito Sans","typography_font_size":{"unit":"px","size":16,"sizes":[]},"typography_font_weight":"bold","typography_line_height":{"unit":"px","size":28,"sizes":[]},"background_color":"#075CC9","button_background_hover_color":"#52D5E6","text_padding":{"unit":"px","top":"6","right":"27","bottom":"6","left":"27","isLinked":false},"link":{"url":"https:\/\/elementor.thembay.com\/diza\/shop\/","is_external":"","nofollow":"","custom_attributes":""}},"elements":[],"isInner":false,"widgetType":"button","elType":"widget"}],"isInner":false,"elType":"column"}],"isInner":false,"elType":"section"},{"id":"4ea2a280","settings":{"stretch_section":"section-stretched","content_width":{"unit":"px","size":700,"sizes":[]},"padding":{"unit":"px","top":"57","right":"0","bottom":"45","left":"0","isLinked":false},"padding_tablet":{"unit":"px","top":"27","right":"0","bottom":"0","left":"0","isLinked":false},"padding_mobile":{"unit":"px","top":"50","right":"0","bottom":"20","left":"0","isLinked":false}},"elements":[{"id":"6eaf4383","settings":{"_column_size":100,"_inline_size":null},"elements":[{"id":"302d028f","settings":{"heading_title":"Testimonials","heading_subtitle":"What customer say amazing products","layout_type":"carousel","testimonials":[{"testimonial_image":{"url":"https:\/\/elementor.thembay.com\/diza\/wp-content\/uploads\/2020\/06\/term-01.png","id":532},"testimonial_name":"Murielle B","testimonial_job":"Supporter","testimonial_excerpt":"I am so pleased with this product. Medical saved my\nbusiness. I am really satisfied with my medical. Medical is\nexactly what our business has been lacking.","_id":"931f8e9"},{"testimonial_image":{"url":"https:\/\/elementor.thembay.com\/diza\/wp-content\/uploads\/2020\/06\/term-02.png","id":533},"testimonial_name":"Murielle B","testimonial_job":"Supporter","testimonial_excerpt":"I am so pleased with this product. Medical saved my\nbusiness. I am really satisfied with my medical. Medical is\nexactly what our business has been lacking.","_id":"a14af15"},{"testimonial_image":{"url":"https:\/\/elementor.thembay.com\/diza\/wp-content\/uploads\/2020\/06\/term-04.png","id":535},"testimonial_name":"Murielle B","testimonial_job":"Supporter","testimonial_excerpt":"I am so pleased with this product. Medical saved my\nbusiness. I am really satisfied with my medical. Medical is\nexactly what our business has been lacking.","_id":"2511a49"},{"testimonial_image":{"url":"https:\/\/elementor.thembay.com\/diza\/wp-content\/uploads\/2020\/06\/term-06.png","id":537},"testimonial_name":"Murielle B","testimonial_job":"Supporter","testimonial_excerpt":"I am so pleased with this product. Medical saved my\nbusiness. I am really satisfied with my medical. Medical is\nexactly what our business has been lacking.","_id":"cb40e20"}],"column":"1","loop":"yes","column_tablet":"1","column_mobile":"1","col_desktop":"1","col_desktopsmall":"1","col_landscape":"1","auto":"","disable_mobile":""},"elements":[],"isInner":false,"widgetType":"tbay-testimonials","elType":"widget"}],"isInner":false,"elType":"column"}],"isInner":false,"elType":"section"},{"id":"13122add","settings":{"stretch_section":"section-stretched","border_border":"solid","border_width":{"unit":"px","top":"1","right":"0","bottom":"0","left":"0","isLinked":false},"border_color":"#E0E6EA","padding":{"unit":"px","top":"57","right":"0","bottom":"0","left":"0","isLinked":false},"padding_tablet":{"unit":"px","top":"27","right":"0","bottom":"0","left":"0","isLinked":false},"padding_mobile":{"unit":"px","top":"50","right":"0","bottom":"0","left":"0","isLinked":false}},"elements":[{"id":"3c88cbac","settings":{"_column_size":100,"_inline_size":null},"elements":[{"id":"6f43a485","settings":{"heading_title":"Latest News","heading_subtitle":"Visit our shop to see amazing products","heading_style_padding":{"unit":"px","top":"25","right":"0","bottom":"58","left":"0","isLinked":false},"layout_type":"carousel","thumbnail_size_size":"full","show_read_more":"yes","read_more_text":"Read more","img_border_radius":{"unit":"px","top":"5","right":"5","bottom":"5","left":"5","isLinked":true},"column":"3","col_desktop":"3","column_tablet":"2","column_mobile":"1","disable_mobile":"","heading_style_padding_mobile":{"unit":"px","top":"0","right":"0","bottom":"15","left":"0","isLinked":false},"pagination":"yes"},"elements":[],"isInner":false,"widgetType":"tbay-posts-grid","elType":"widget"}],"isInner":false,"elType":"column"}],"isInner":false,"elType":"section"}]}