{"version":"0.4","title":"Home","type":"page","content":[{"id":"30a322c0","settings":{"stretch_section":"section-stretched","padding":{"unit":"px","top":"29","right":"0","bottom":"0","left":"0","isLinked":false},"content_width":{"unit":"px","size":1400,"sizes":[]}},"elements":[{"id":"41aeeb0","settings":{"_column_size":100,"_inline_size":null},"elements":[{"id":"1e9a1da6","settings":{"revslidertitle":"Slider Care","shortcode":"[rev_slider alias=\"slider-care\" slidertitle=\"Slider Care\"][\/rev_slider]"},"elements":[],"isInner":false,"widgetType":"slider_revolution","elType":"widget"}],"isInner":false,"elType":"column"}],"isInner":false,"elType":"section"},{"id":"344365fc","settings":{"stretch_section":"section-stretched","background_background":"classic","margin":{"unit":"px","top":"","right":0,"bottom":"","left":0,"isLinked":true},"padding":{"unit":"px","top":"30","right":"0","bottom":"0","left":"0","isLinked":false},"margin_tablet":{"unit":"px","top":"","right":0,"bottom":"","left":0,"isLinked":true},"padding_tablet":{"unit":"px","top":"40","right":"0","bottom":"0","left":"0","isLinked":false}},"elements":[{"id":"4a569f92","settings":{"_column_size":100,"_inline_size":null},"elements":[{"id":"5ba55434","settings":{"features":[{"feature_title":"Shipping <br> worldwide","feature_desc":"Ut enim ad minim veniam","feature_type":"icon","type_icon":{"value":"tb-icon tb-icon-shipping-worldwide","library":"tbay-custom"},"type_image":{"url":"","id":""},"feature_margin_icon":{"unit":"px","top":"","right":"","bottom":"","left":"","isLinked":true},"feature_margin_icon_tablet":{"unit":"px","top":"","right":"","bottom":"","left":"","isLinked":true},"feature_margin_icon_mobile":{"unit":"px","top":"","right":"","bottom":"","left":"","isLinked":true},"_id":"4734fbd","feature_font_size_icon":{"unit":"px","size":20,"sizes":[]},"feature_font_size_icon_tablet":{"unit":"px","size":"","sizes":[]},"feature_font_size_icon_mobile":{"unit":"px","size":"","sizes":[]}},{"feature_title":"Free <br>returns","feature_desc":"Ut enim ad minim veniam","feature_type":"icon","type_icon":{"value":"tb-icon tb-icon-free-return","library":"tbay-custom"},"type_image":{"url":"","id":""},"feature_margin_icon":{"unit":"px","top":"","right":"","bottom":"","left":"","isLinked":true},"feature_margin_icon_tablet":{"unit":"px","top":"","right":"","bottom":"","left":"","isLinked":true},"feature_margin_icon_mobile":{"unit":"px","top":"","right":"","bottom":"","left":"","isLinked":true},"feature_font_size_icon":{"unit":"px","size":20,"sizes":[]},"feature_font_size_icon_tablet":{"unit":"px","size":"","sizes":[]},"feature_font_size_icon_mobile":{"unit":"px","size":"","sizes":[]},"_id":"408018e"},{"feature_title":"Order <br>tracking","feature_desc":"Ut enim ad minim veniam","feature_type":"icon","type_icon":{"value":"tb-icon tb-icon-location","library":"tbay-custom"},"type_image":{"url":"","id":""},"feature_margin_icon":{"unit":"px","top":"","right":"","bottom":"","left":"","isLinked":true},"feature_margin_icon_tablet":{"unit":"px","top":"","right":"","bottom":"","left":"","isLinked":true},"feature_margin_icon_mobile":{"unit":"px","top":"","right":"","bottom":"","left":"","isLinked":true},"feature_font_size_icon":{"unit":"px","size":20,"sizes":[]},"feature_font_size_icon_tablet":{"unit":"px","size":"","sizes":[]},"feature_font_size_icon_mobile":{"unit":"px","size":"","sizes":[]},"_id":"9c5be78"},{"feature_title":"Fast <br>Delivery","feature_desc":"Ut enim ad minim veniam","feature_type":"icon","type_icon":{"value":"tb-icon tb-icon-fast-delivery","library":"tbay-custom"},"type_image":{"url":"","id":""},"feature_margin_icon":{"unit":"px","top":"","right":"","bottom":"","left":"","isLinked":true},"feature_margin_icon_tablet":{"unit":"px","top":"","right":"","bottom":"","left":"","isLinked":true},"feature_margin_icon_mobile":{"unit":"px","top":"","right":"","bottom":"","left":"","isLinked":true},"feature_font_size_icon":{"unit":"px","size":20,"sizes":[]},"feature_font_size_icon_tablet":{"unit":"px","size":"","sizes":[]},"feature_font_size_icon_mobile":{"unit":"px","size":"","sizes":[]},"_id":"5a80cf6"}],"feature_font_size_icon":{"unit":"px","size":28,"sizes":[]},"feature_margin_icon":{"unit":"px","top":"11","right":"16","bottom":"0","left":"0","isLinked":false},"features_title_typography_typography":"custom","features_title_typography_font_family":"Nunito Sans","features_title_typography_font_size":{"unit":"px","size":14,"sizes":[]},"features_title_typography_font_weight":"bold","features_title_typography_text_transform":"uppercase","features_title_typography_line_height":{"unit":"px","size":20,"sizes":[]},"feature_title_color":"#0B132B","features_title_desc_typography":"custom","features_title_desc_font_family":"Roboto","features_title_desc_font_size":{"unit":"px","size":15,"sizes":[]},"features_title_desc_line_height":{"unit":"px","size":26,"sizes":[]},"feature_desc_color":"#828895","spacing_desc":{"unit":"px","top":"0","right":"0","bottom":"0","left":"0","isLinked":false},"feature_align":"left","column_tablet":"2","column":"4","col_desktop":"4","col_desktopsmall":"4","features_title_typography_font_size_tablet":{"unit":"px","size":14,"sizes":[]},"features_title_typography_line_height_tablet":{"unit":"px","size":18,"sizes":[]},"features_title_desc_font_size_tablet":{"unit":"px","size":20,"sizes":[]},"features_title_desc_line_height_tablet":{"unit":"px","size":26,"sizes":[]},"column_mobile":"1","_padding":{"unit":"px","top":"0","right":"0","bottom":"29","left":"0","isLinked":false},"_border_border":"solid","_border_width":{"unit":"px","top":"0","right":"0","bottom":"1","left":"0","isLinked":false},"_border_color":"#E0E6EA","features_title_desc_font_size_mobile":{"unit":"px","size":15,"sizes":[]}},"elements":[],"isInner":false,"widgetType":"tbay-features","elType":"widget"}],"isInner":false,"elType":"column"}],"isInner":false,"elType":"section"},{"id":"3065698c","settings":{"stretch_section":"section-stretched","padding":{"unit":"px","top":"51","right":"0","bottom":"0","left":"0","isLinked":false},"padding_mobile":{"unit":"px","top":"25","right":"0","bottom":"0","left":"0","isLinked":false}},"elements":[{"id":"7764acfb","settings":{"_column_size":100,"_inline_size":null},"elements":[{"id":"421f8b0c","settings":{"heading_title":"Medicine online through <span style=\"color: #9bc33b\">Gauze<\/span>","heading_subtitle":"How to Order","heading_title_typography_typography":"custom","heading_title_typography_font_size":{"unit":"px","size":30,"sizes":[]},"heading_title_typography_line_height":{"unit":"px","size":38,"sizes":[]},"heading_subtitle_typography_typography":"custom","heading_subtitle_typography_font_size":{"unit":"px","size":14,"sizes":[]},"heading_subtitle_typography_text_transform":"uppercase","heading_subtitle_typography_line_height":{"unit":"px","size":20,"sizes":[]},"heading_style_padding":{"unit":"px","top":"25","right":"0","bottom":"36","left":"0","isLinked":false},"heading_title_typography_font_size_mobile":{"unit":"px","size":30,"sizes":[]},"heading_title_typography_line_height_mobile":{"unit":"px","size":38,"sizes":[]},"heading_subtitle_typography_font_size_mobile":{"unit":"px","size":14,"sizes":[]},"heading_subtitle_typography_line_height_mobile":{"unit":"px","size":22,"sizes":[]},"heading_style_padding_mobile":{"unit":"px","top":"25","right":"0","bottom":"25","left":"0","isLinked":false}},"elements":[],"isInner":false,"widgetType":"tbay-heading","elType":"widget"},{"id":"1936fdd9","settings":{"gap":"no","structure":"40","css_classes":"icon-nunbering"},"elements":[{"id":"69d001de","settings":{"_column_size":25,"_inline_size":null,"_inline_size_tablet":50,"padding_tablet":{"unit":"px","top":"0","right":"0","bottom":"20","left":"0","isLinked":false}},"elements":[{"id":"3128f561","settings":{"selected_icon":{"value":"tb-icon tb-icon-location-2","library":"tbay-custom"},"size":{"unit":"px","size":65,"sizes":[]},"_padding":{"unit":"px","top":"57","right":"0","bottom":"57","left":"0","isLinked":false},"_border_border":"solid","_border_width":{"unit":"px","top":"1","right":"1","bottom":"1","left":"1","isLinked":true},"_border_color":"#E0E6EA","_border_radius":{"unit":"px","top":"32","right":"32","bottom":"32","left":"32","isLinked":true},"_margin":{"unit":"px","top":"0","right":"58","bottom":"0","left":"58","isLinked":false},"primary_color":"#9BC33B"},"elements":[],"isInner":false,"widgetType":"icon","elType":"widget"},{"id":"67b5bbf9","settings":{"title":"Enter your Pin code","align":"center","title_color":"#0B132B","typography_typography":"custom","typography_font_family":"Nunito Sans","typography_font_size":{"unit":"px","size":17,"sizes":[]},"typography_font_weight":"700","typography_line_height":{"unit":"px","size":26,"sizes":[]},"_padding":{"unit":"px","top":"19","right":"31","bottom":"12","left":"31","isLinked":false}},"elements":[],"isInner":false,"widgetType":"heading","elType":"widget"},{"id":"1c4436b3","settings":{"editor":"<p>Provide us Pincode where order needs to be delivered, this helps us in analyzing the order.<\/p>","align":"center","typography_typography":"custom","typography_font_family":"Roboto","typography_font_size":{"unit":"px","size":15,"sizes":[]},"typography_line_height":{"unit":"px","size":26,"sizes":[]},"_padding":{"unit":"px","top":"0","right":"31","bottom":"0","left":"31","isLinked":false}},"elements":[],"isInner":false,"widgetType":"text-editor","elType":"widget"}],"isInner":true,"elType":"column"},{"id":"1654f687","settings":{"_column_size":25,"_inline_size":null,"_inline_size_tablet":50,"padding_tablet":{"unit":"px","top":"0","right":"0","bottom":"20","left":"0","isLinked":false}},"elements":[{"id":"585fd30d","settings":{"selected_icon":{"value":"tb-icon tb-icon-location-shop","library":"tbay-custom"},"size":{"unit":"px","size":65,"sizes":[]},"_padding":{"unit":"px","top":"57","right":"0","bottom":"57","left":"0","isLinked":false},"_border_border":"solid","_border_width":{"unit":"px","top":"1","right":"1","bottom":"1","left":"1","isLinked":true},"_border_color":"#E0E6EA","_border_radius":{"unit":"px","top":"32","right":"32","bottom":"32","left":"32","isLinked":true},"_margin":{"unit":"px","top":"0","right":"58","bottom":"0","left":"58","isLinked":false},"primary_color":"#9BC33B"},"elements":[],"isInner":false,"widgetType":"icon","elType":"widget"},{"id":"43170b56","settings":{"title":"Upload Prescription","align":"center","title_color":"#0B132B","typography_typography":"custom","typography_font_family":"Nunito Sans","typography_font_size":{"unit":"px","size":17,"sizes":[]},"typography_font_weight":"700","typography_line_height":{"unit":"px","size":26,"sizes":[]},"_padding":{"unit":"px","top":"19","right":"31","bottom":"12","left":"31","isLinked":false}},"elements":[],"isInner":false,"widgetType":"heading","elType":"widget"},{"id":"1d450d28","settings":{"editor":"<p>Just like Local pharmacy, you need to provide us the prescription or add any healthcare product to purchase.<\/p>","align":"center","typography_typography":"custom","typography_font_family":"Roboto","typography_font_size":{"unit":"px","size":15,"sizes":[]},"typography_line_height":{"unit":"px","size":26,"sizes":[]},"_padding":{"unit":"px","top":"0","right":"31","bottom":"0","left":"31","isLinked":false}},"elements":[],"isInner":false,"widgetType":"text-editor","elType":"widget"}],"isInner":true,"elType":"column"},{"id":"3b22b77b","settings":{"_column_size":25,"_inline_size":null,"_inline_size_tablet":50,"padding_mobile":{"unit":"px","top":"0","right":"0","bottom":"20","left":"0","isLinked":false}},"elements":[{"id":"e917927","settings":{"selected_icon":{"value":"tb-icon tb-icon-quality","library":"tbay-custom"},"size":{"unit":"px","size":65,"sizes":[]},"_padding":{"unit":"px","top":"57","right":"0","bottom":"57","left":"0","isLinked":false},"_border_border":"solid","_border_width":{"unit":"px","top":"1","right":"1","bottom":"1","left":"1","isLinked":true},"_border_color":"#E0E6EA","_border_radius":{"unit":"px","top":"32","right":"32","bottom":"32","left":"32","isLinked":true},"_margin":{"unit":"px","top":"0","right":"58","bottom":"0","left":"58","isLinked":false},"primary_color":"#9BC33B"},"elements":[],"isInner":false,"widgetType":"icon","elType":"widget"},{"id":"7723c4ba","settings":{"title":"Get Order Confirmed","align":"center","title_color":"#0B132B","typography_typography":"custom","typography_font_family":"Nunito Sans","typography_font_size":{"unit":"px","size":17,"sizes":[]},"typography_font_weight":"700","typography_line_height":{"unit":"px","size":26,"sizes":[]},"_padding":{"unit":"px","top":"19","right":"31","bottom":"12","left":"31","isLinked":false}},"elements":[],"isInner":false,"widgetType":"heading","elType":"widget"},{"id":"12926ffa","settings":{"editor":"<p>Once we receive your Order, Our pharmacist will call back and confirm your order.<\/p>","align":"center","typography_typography":"custom","typography_font_family":"Roboto","typography_font_size":{"unit":"px","size":15,"sizes":[]},"typography_line_height":{"unit":"px","size":26,"sizes":[]},"_padding":{"unit":"px","top":"0","right":"31","bottom":"0","left":"31","isLinked":false}},"elements":[],"isInner":false,"widgetType":"text-editor","elType":"widget"}],"isInner":true,"elType":"column"},{"id":"628e9d0d","settings":{"_column_size":25,"_inline_size":null,"_inline_size_tablet":50},"elements":[{"id":"6bfbb9a4","settings":{"selected_icon":{"value":"tb-icon tb-icon-delivery-man","library":"tbay-custom"},"size":{"unit":"px","size":65,"sizes":[]},"_padding":{"unit":"px","top":"57","right":"0","bottom":"57","left":"0","isLinked":false},"_border_border":"solid","_border_width":{"unit":"px","top":"1","right":"1","bottom":"1","left":"1","isLinked":true},"_border_color":"#E0E6EA","_border_radius":{"unit":"px","top":"32","right":"32","bottom":"32","left":"32","isLinked":true},"_margin":{"unit":"px","top":"0","right":"58","bottom":"0","left":"58","isLinked":false},"primary_color":"#9BC33B"},"elements":[],"isInner":false,"widgetType":"icon","elType":"widget"},{"id":"56ef9f34","settings":{"title":"Delivered to Home","align":"center","title_color":"#0B132B","typography_typography":"custom","typography_font_family":"Nunito Sans","typography_font_size":{"unit":"px","size":17,"sizes":[]},"typography_font_weight":"700","typography_line_height":{"unit":"px","size":26,"sizes":[]},"_padding":{"unit":"px","top":"19","right":"31","bottom":"12","left":"31","isLinked":false}},"elements":[],"isInner":false,"widgetType":"heading","elType":"widget"},{"id":"1b5de9b4","settings":{"editor":"<p>Your Order is delivered at your doorstep ASAP, delivery is fast and completely free!<\/p>","align":"center","typography_typography":"custom","typography_font_family":"Roboto","typography_font_size":{"unit":"px","size":15,"sizes":[]},"typography_line_height":{"unit":"px","size":26,"sizes":[]},"_padding":{"unit":"px","top":"0","right":"31","bottom":"0","left":"31","isLinked":false}},"elements":[],"isInner":false,"widgetType":"text-editor","elType":"widget"}],"isInner":true,"elType":"column"}],"isInner":true,"elType":"section"}],"isInner":false,"elType":"column"}],"isInner":false,"elType":"section"},{"id":"46ea6778","settings":{"structure":"20","padding":{"unit":"px","top":"62","right":"0","bottom":"76","left":"0","isLinked":false},"stretch_section":"section-stretched","padding_mobile":{"unit":"px","top":"40","right":"0","bottom":"0","left":"0","isLinked":false}},"elements":[{"id":"322fe33f","settings":{"_column_size":50,"_inline_size":null},"elements":[{"id":"3ffe4fa1","settings":{"image":{"url":"https:\/\/elementor.thembay.com\/diza_care\/wp-content\/uploads\/2020\/07\/banner-home-3-01.jpg","id":2154},"link_to":"custom","link":{"url":"https:\/\/elementor.thembay.com\/diza_care\/shop","is_external":"","nofollow":"","custom_attributes":""}},"elements":[],"isInner":false,"widgetType":"image","elType":"widget"}],"isInner":false,"elType":"column"},{"id":"14d4c881","settings":{"_column_size":50,"_inline_size":null},"elements":[{"id":"70d879ca","settings":{"image":{"url":"https:\/\/elementor.thembay.com\/diza_care\/wp-content\/uploads\/2020\/07\/banner-home-3-02.jpg","id":2155},"link_to":"custom","link":{"url":"https:\/\/elementor.thembay.com\/diza_care\/shop","is_external":"","nofollow":"","custom_attributes":""},"_padding_mobile":{"unit":"px","top":"15","right":"0","bottom":"0","left":"0","isLinked":false}},"elements":[],"isInner":false,"widgetType":"image","elType":"widget"}],"isInner":false,"elType":"column"}],"isInner":false,"elType":"section"},{"id":"446f1085","settings":{"structure":"20","stretch_section":"section-stretched","padding_mobile":{"unit":"px","top":"50","right":"0","bottom":"0","left":"0","isLinked":false}},"elements":[{"id":"21e30df4","settings":{"_column_size":50,"_inline_size":null},"elements":[{"id":"2ebb3859","settings":{"countdown_title":"","layout_type":"carousel","products":["67","747","1634"],"column":"1","col_desktop":"1","col_desktopsmall":"1","col_landscape":"1","navigation":"","pagination":"yes","align":"left","heading_title":"Flash sale","heading_subtitle":"TODAY'S","heading_title_typography_typography":"custom","heading_title_typography_font_size":{"unit":"px","size":30,"sizes":[]},"heading_title_typography_line_height":{"unit":"px","size":36,"sizes":[]},"heading_title_color":"#0B132B","heading_subtitle_typography_typography":"custom","heading_subtitle_typography_font_size":{"unit":"px","size":14,"sizes":[]},"heading_subtitle_typography_line_height":{"unit":"px","size":18,"sizes":[]},"heading_subtitle_color":"#828895","heading_subtitle_bottom_space":{"unit":"px","size":3,"sizes":[]},"heading_style_padding":{"unit":"px","top":"0","right":"0","bottom":"36","left":"0","isLinked":false},"column_tablet":"1","column_mobile":"1","disable_mobile":"","align_mobile":"center","heading_style_padding_mobile":{"unit":"px","top":"0","right":"0","bottom":"25","left":"0","isLinked":false}},"elements":[],"isInner":false,"widgetType":"tbay-product-count-down","elType":"widget"}],"isInner":false,"elType":"column"},{"id":"64c4b5d8","settings":{"_column_size":50,"_inline_size":null},"elements":[{"id":"3ca6ea7a","settings":{"align":"left","heading_title":"Best seller","heading_subtitle":"Popular","heading_title_typography_typography":"custom","heading_title_typography_font_size":{"unit":"px","size":30,"sizes":[]},"heading_title_typography_line_height":{"unit":"px","size":36,"sizes":[]},"heading_title_color":"#0B132B","heading_subtitle_typography_typography":"custom","heading_subtitle_typography_font_size":{"unit":"px","size":14,"sizes":[]},"heading_subtitle_color":"#828895","heading_subtitle_bottom_space":{"unit":"px","size":3,"sizes":[]},"heading_style_padding":{"unit":"px","top":"0","right":"0","bottom":"36","left":"0","isLinked":false},"limit":4,"product_type":"best_selling","column":"2","col_desktop":"2","column_tablet":"2","_padding_mobile":{"unit":"px","top":"40","right":"0","bottom":"0","left":"0","isLinked":false},"align_mobile":"center","heading_style_padding_mobile":{"unit":"px","top":"25","right":"0","bottom":"25","left":"0","isLinked":false}},"elements":[],"isInner":false,"widgetType":"tbay-products","elType":"widget"}],"isInner":false,"elType":"column"}],"isInner":false,"elType":"section"},{"id":"1a8c65de","settings":{"stretch_section":"section-stretched","custom_height":{"unit":"px","size":"","sizes":[]},"content_position":"middle","structure":"20","background_background":"classic","background_image":{"url":"https:\/\/elementor.thembay.com\/diza_care\/wp-content\/uploads\/2020\/07\/banner-countdown.png","id":2163},"background_position":"center center","padding":{"unit":"px","top":"24","right":"0","bottom":"204","left":"0","isLinked":false},"margin":{"unit":"px","top":"65","right":0,"bottom":"0","left":0,"isLinked":false},"padding_tablet":{"unit":"px","top":"30","right":"0","bottom":"30","left":"0","isLinked":false},"margin_mobile":{"unit":"px","top":"20","right":0,"bottom":"0","left":0,"isLinked":false}},"elements":[{"id":"19146df5","settings":{"_column_size":50,"_inline_size":null},"elements":[{"id":"67d87460","settings":{"editor":"<p>Online Exclusive Deal <strong>50% off <span style=\"color: #0b132b;\">Check our offer!<\/span><\/strong><\/p>","text_color":"#5EA84D","typography_typography":"custom","typography_font_family":"Nunito Sans","typography_font_size":{"unit":"px","size":60,"sizes":[]},"typography_line_height":{"unit":"px","size":68,"sizes":[]},"_padding":{"unit":"px","top":"0","right":"0","bottom":"0","left":"60","isLinked":false},"align_mobile":"left","typography_font_size_tablet":{"unit":"px","size":30,"sizes":[]},"typography_line_height_tablet":{"unit":"px","size":38,"sizes":[]},"_padding_tablet":{"unit":"px","top":"0","right":"0","bottom":"0","left":"30","isLinked":false},"_padding_mobile":{"unit":"px","top":"0","right":"0","bottom":"0","left":"0","isLinked":false}},"elements":[],"isInner":false,"widgetType":"text-editor","elType":"widget"},{"id":"4ec71e01","settings":{"text":"Buy Now","background_color":"#9BC33B","_padding":{"unit":"px","top":"7","right":"0","bottom":"0","left":"60","isLinked":false},"text_padding":{"unit":"px","top":"17","right":"37","bottom":"17","left":"37","isLinked":false},"_padding_tablet":{"unit":"px","top":"10","right":"0","bottom":"0","left":"30","isLinked":false},"_padding_mobile":{"unit":"px","top":"20","right":"0","bottom":"20","left":"0","isLinked":false},"link":{"url":"https:\/\/elementor.thembay.com\/diza_care\/shop\/","is_external":"","nofollow":"","custom_attributes":""}},"elements":[],"isInner":false,"widgetType":"button","elType":"widget"}],"isInner":false,"elType":"column"},{"id":"6478dff0","settings":{"_column_size":50,"_inline_size":null},"elements":[{"id":"5522a570","settings":{"image":{"url":"https:\/\/elementor.thembay.com\/diza_care\/wp-content\/uploads\/2020\/07\/imgr-countdown.png","id":2165},"align_tablet":"center"},"elements":[],"isInner":false,"widgetType":"image","elType":"widget"}],"isInner":false,"elType":"column"}],"isInner":false,"elType":"section"},{"id":"7a74824f","settings":{"padding":{"unit":"px","top":"54","right":"0","bottom":"50","left":"0","isLinked":false},"stretch_section":"section-stretched","padding_mobile":{"unit":"px","top":"25","right":"0","bottom":"30","left":"0","isLinked":false}},"elements":[{"id":"59f3ccfd","settings":{"_column_size":100,"_inline_size":null},"elements":[{"id":"285cd056","settings":{"heading_title":"Featured products","heading_subtitle":"EXPLORE","layout_type":"carousel","categories":["anti-fungal-anti-itch","sleep-aids"],"product_type":"featured","heading_style_padding":{"unit":"px","top":"25","right":"0","bottom":"35","left":"0","isLinked":false},"col_desktopsmall":"4","disable_mobile":"","heading_style_padding_mobile":{"unit":"px","top":"25","right":"0","bottom":"25","left":"0","isLinked":false}},"elements":[],"isInner":false,"widgetType":"tbay-products","elType":"widget"}],"isInner":false,"elType":"column"}],"isInner":false,"elType":"section"},{"id":"172823d5","settings":{"stretch_section":"section-stretched","border_border":"solid","border_width":{"unit":"px","top":"1","right":"0","bottom":"0","left":"0","isLinked":false},"border_color":"#E0E6EA","padding":{"unit":"px","top":"52","right":"0","bottom":"70","left":"0","isLinked":false},"padding_mobile":{"unit":"px","top":"25","right":"0","bottom":"40","left":"0","isLinked":false}},"elements":[{"id":"7650de84","settings":{"_column_size":100,"_inline_size":null},"elements":[{"id":"6f48d66b","settings":{"heading_title":"Latest News","heading_subtitle":"From Our Blog","layout_type":"carousel","read_more_text":"Read more","column":"2","col_desktop":"2","show_excerpt":"","show_read_more":"yes","show_author":"yes","categories":["mom-baby-care"],"show_comments":"","heading_style_padding":{"unit":"px","top":"25","right":"0","bottom":"29","left":"0","isLinked":false},"column_tablet":"2","column_mobile":"1","col_landscape":"1","disable_mobile":"","heading_style_padding_mobile":{"unit":"px","top":"25","right":"0","bottom":"25","left":"0","isLinked":false}},"elements":[],"isInner":false,"widgetType":"tbay-posts-grid","elType":"widget"}],"isInner":false,"elType":"column"}],"isInner":false,"elType":"section"}],"page_settings":{"hide_title":"yes"}}