{"version":"0.4","title":"Contact Us","type":"page","content":[{"id":"34c3a7fd","settings":{"structure":"20","padding":{"unit":"px","top":"45","right":"0","bottom":"80","left":"0","isLinked":false},"stretch_section":"section-stretched","margin_mobile":{"unit":"px","top":"0","right":0,"bottom":"0","left":0,"isLinked":false},"padding_mobile":{"unit":"px","top":"0","right":"0","bottom":"050","left":"0","isLinked":false}},"elements":[{"id":"17275d19","settings":{"_column_size":50,"_inline_size":25,"_inline_size_tablet":50},"elements":[{"id":"40134fea","settings":{"align":"left","heading_title":"Got any Questions?","heading_icon":{"value":"","library":""},"heading_title_typography_typography":"custom","heading_title_typography_font_size":{"unit":"px","size":40,"sizes":[]},"heading_title_typography_font_weight":"700","heading_title_typography_line_height":{"unit":"px","size":48,"sizes":[]},"heading_title_typography_letter_spacing":{"unit":"px","size":-1,"sizes":[]},"align_mobile":"left","heading_title_typography_font_size_mobile":{"unit":"px","size":26,"sizes":[]},"heading_title_typography_line_height_mobile":{"unit":"px","size":35,"sizes":[]},"_margin_mobile":{"unit":"px","top":"0","right":"0","bottom":"10","left":"0","isLinked":false}},"elements":[],"isInner":false,"widgetType":"tbay-heading","elType":"widget"},{"id":"5a4a8f80","settings":{"editor":"1203, Town Center,<br>Drive FL 33458 United States","typography_typography":"custom","typography_font_size":{"unit":"px","size":14,"sizes":[]},"typography_line_height":{"unit":"px","size":24,"sizes":[]},"text_color":"#6A7180"},"elements":[],"isInner":false,"widgetType":"text-editor","elType":"widget"},{"id":"354c9ca0","settings":{"editor":"0123-456-789<br>841 123 456 78","align":"left","typography_typography":"custom","typography_font_size":{"unit":"px","size":14,"sizes":[]},"typography_line_height":{"unit":"px","size":24,"sizes":[]},"_margin":{"unit":"px","top":"10","right":"0","bottom":"0","left":"0","isLinked":false},"text_color":"#6A7180"},"elements":[],"isInner":false,"widgetType":"text-editor","elType":"widget"},{"id":"4cf26169","settings":{"social_icon_list":[{"social_icon":{"value":"zmdi zmdi-facebook","library":"material-design-iconic"},"_id":"ca3f9a4","link":{"url":"https:\/\/www.facebook.com\/thembayteam","is_external":"true","nofollow":"","custom_attributes":""},"item_icon_color":"custom","item_icon_primary_color":"#FFFFFF","item_icon_secondary_color":"#075CC9"},{"social_icon":{"value":"zmdi zmdi-twitter","library":"material-design-iconic"},"_id":"8686e60","link":{"url":"https:\/\/twitter.com\/bay_them","is_external":"true","nofollow":"","custom_attributes":""},"item_icon_color":"custom","item_icon_primary_color":"#FFFFFF","item_icon_secondary_color":"#075CC9"},{"social_icon":{"value":"zmdi zmdi-youtube-play","library":"material-design-iconic"},"_id":"dfcc7f2","link":{"url":"https:\/\/www.youtube.com\/c\/thembay","is_external":"true","nofollow":"","custom_attributes":""},"item_icon_color":"custom","item_icon_primary_color":"#FFFFFF","item_icon_secondary_color":"#075CC9"},{"social_icon":{"value":"zmdi zmdi-instagram","library":"material-design-iconic"},"link":{"url":"https:\/\/www.instagram.com\/thembayteam\/","is_external":"true","nofollow":"","custom_attributes":""},"item_icon_color":"custom","item_icon_primary_color":"#FFFFFF","item_icon_secondary_color":"#075CC9","_id":"4546091"}],"shape":"square","align":"left","icon_color":"custom","icon_size":{"unit":"px","size":16,"sizes":[]},"icon_spacing":{"unit":"px","size":11,"sizes":[]},"_margin":{"unit":"px","top":"15","right":"0","bottom":"6","left":"0","isLinked":false},"icon_padding":{"unit":"em","size":0.10000000000000001,"sizes":[]}},"elements":[],"isInner":false,"widgetType":"social-icons","elType":"widget"}],"isInner":false,"elType":"column"},{"id":"680ae3dc","settings":{"_column_size":50,"_inline_size":75,"margin":{"unit":"px","top":"35","right":"0","bottom":"0","left":"0","isLinked":false},"_inline_size_tablet":50},"elements":[{"id":"3f04a441","settings":{"shortcode":"[contact-form-7 id=\"6\" title=\"Contact form 1\"]"},"elements":[],"isInner":false,"widgetType":"shortcode","elType":"widget"}],"isInner":false,"elType":"column"}],"isInner":false,"elType":"section"},{"id":"a336785","settings":{"gap":"no","border_border":"solid","border_width":{"unit":"px","top":"1","right":"0","bottom":"0","left":"0","isLinked":false},"border_color":"#E0E6EA"},"elements":[{"id":"100c9dfa","settings":{"_column_size":100,"_inline_size":null},"elements":[],"isInner":false,"elType":"column"}],"isInner":false,"elType":"section"},{"id":"5ef3eeac","settings":{"stretch_section":"section-stretched","padding":{"unit":"px","top":"70","right":"0","bottom":"0","left":"0","isLinked":false},"padding_mobile":{"unit":"px","top":"50","right":"0","bottom":"50","left":"0","isLinked":false}},"elements":[{"id":"242b9e57","settings":{"_column_size":100,"_inline_size":null,"padding":{"unit":"px","top":"0","right":"0","bottom":"0","left":"0","isLinked":false}},"elements":[{"id":"236aac26","settings":{"title":"Stores","align":"center","typography_typography":"custom","typography_font_size":{"unit":"px","size":40,"sizes":[]},"typography_font_weight":"700","typography_line_height":{"unit":"px","size":48,"sizes":[]},"typography_letter_spacing":{"unit":"px","size":-1,"sizes":[]},"typography_font_size_mobile":{"unit":"px","size":20,"sizes":[]},"typography_line_height_mobile":{"unit":"px","size":22,"sizes":[]},"_margin":{"unit":"px","top":"0","right":"0","bottom":"53","left":"0","isLinked":false},"title_color":"#0B132B"},"elements":[],"isInner":false,"widgetType":"heading","elType":"widget"},{"id":"157ef34c","settings":{"structure":"40"},"elements":[{"id":"26a509c3","settings":{"_column_size":25,"_inline_size":null,"margin_mobile":{"unit":"px","top":"0","right":"0","bottom":"15","left":"0","isLinked":false}},"elements":[{"id":"a37dcd5","settings":{"image":{"url":"https:\/\/elementor.thembay.com\/diza\/wp-content\/uploads\/2020\/06\/img-contact-01.png","id":1051},"image_size":"full","align":"left"},"elements":[],"isInner":false,"widgetType":"image","elType":"widget"},{"id":"42a86570","settings":{"title":"Alaska Badalas","align":"left","typography_typography":"custom","typography_font_size":{"unit":"px","size":16,"sizes":[]},"typography_font_weight":"700","typography_line_height":{"unit":"px","size":28,"sizes":[]},"_margin":{"unit":"px","top":"25","right":"0","bottom":"12","left":"0","isLinked":false},"title_color":"#0B132B"},"elements":[],"isInner":false,"widgetType":"heading","elType":"widget"},{"id":"d625efd","settings":{"editor":"<p>2593 Timbercrest Road, Chisana,<br \/>Alaska Badalas United State <br \/>0123-456-789 <br \/>841 123 456 78<\/p>","typography_typography":"custom","typography_font_size":{"unit":"px","size":14,"sizes":[]},"typography_line_height":{"unit":"px","size":24,"sizes":[]},"text_color":"#6A7180"},"elements":[],"isInner":false,"widgetType":"text-editor","elType":"widget"}],"isInner":true,"elType":"column"},{"id":"5584ed16","settings":{"_column_size":25,"_inline_size":null,"margin_mobile":{"unit":"px","top":"0","right":"0","bottom":"15","left":"0","isLinked":false}},"elements":[{"id":"21983b81","settings":{"image":{"url":"https:\/\/elementor.thembay.com\/diza\/wp-content\/uploads\/2020\/06\/img-contact-02.png","id":1052},"image_size":"full","align":"left"},"elements":[],"isInner":false,"widgetType":"image","elType":"widget"},{"id":"2fbf59b6","settings":{"title":"Florida","align":"left","typography_typography":"custom","typography_font_size":{"unit":"px","size":16,"sizes":[]},"typography_font_weight":"700","typography_line_height":{"unit":"px","size":28,"sizes":[]},"_margin":{"unit":"px","top":"25","right":"0","bottom":"12","left":"0","isLinked":false},"title_color":"#0B132B"},"elements":[],"isInner":false,"widgetType":"heading","elType":"widget"},{"id":"10f898dc","settings":{"editor":"1203, Town Center,<br> Drive FL 33458 United States<br> 0123-456-789<br> 841 123 456 78","typography_typography":"custom","typography_font_size":{"unit":"px","size":14,"sizes":[]},"typography_line_height":{"unit":"px","size":24,"sizes":[]},"text_color":"#6A7180"},"elements":[],"isInner":false,"widgetType":"text-editor","elType":"widget"}],"isInner":true,"elType":"column"},{"id":"fac50d0","settings":{"_column_size":25,"_inline_size":null,"margin_mobile":{"unit":"px","top":"0","right":"0","bottom":"15","left":"0","isLinked":false}},"elements":[{"id":"127c64d2","settings":{"image":{"url":"https:\/\/elementor.thembay.com\/diza\/wp-content\/uploads\/2020\/06\/img-contact-03.png","id":1053},"image_size":"full","align":"left"},"elements":[],"isInner":false,"widgetType":"image","elType":"widget"},{"id":"4ab5077f","settings":{"title":"NewYork City","align":"left","typography_typography":"custom","typography_font_size":{"unit":"px","size":16,"sizes":[]},"typography_font_weight":"700","typography_line_height":{"unit":"px","size":28,"sizes":[]},"_margin":{"unit":"px","top":"25","right":"0","bottom":"12","left":"0","isLinked":false},"title_color":"#0B132B"},"elements":[],"isInner":false,"widgetType":"heading","elType":"widget"},{"id":"31c361","settings":{"editor":"No 40 Baria Sreet 133\/2 NewYork City,<br> NY, United States. <br>0123-456-789 <br>841 123 456 78","typography_typography":"custom","typography_font_size":{"unit":"px","size":14,"sizes":[]},"typography_line_height":{"unit":"px","size":24,"sizes":[]},"text_color":"#6A7180"},"elements":[],"isInner":false,"widgetType":"text-editor","elType":"widget"}],"isInner":true,"elType":"column"},{"id":"57a8932e","settings":{"_column_size":25,"_inline_size":null,"margin_mobile":{"unit":"px","top":"0","right":"0","bottom":"15","left":"0","isLinked":false}},"elements":[{"id":"cd2fdba","settings":{"image":{"url":"https:\/\/elementor.thembay.com\/diza\/wp-content\/uploads\/2020\/06\/img-contact-04.png","id":1054},"image_size":"full","align":"left"},"elements":[],"isInner":false,"widgetType":"image","elType":"widget"},{"id":"31b9ff29","settings":{"title":"Ohio","align":"left","typography_typography":"custom","typography_font_size":{"unit":"px","size":16,"sizes":[]},"typography_font_weight":"700","typography_line_height":{"unit":"px","size":28,"sizes":[]},"_margin":{"unit":"px","top":"25","right":"0","bottom":"12","left":"0","isLinked":false},"title_color":"#0B132B"},"elements":[],"isInner":false,"widgetType":"heading","elType":"widget"},{"id":"3d96ed19","settings":{"editor":"70 Bowman St. South Windsor, <br>CT 06074, Ohio <br>0123-456-789 <br>841 123 456 78","typography_typography":"custom","typography_font_size":{"unit":"px","size":14,"sizes":[]},"typography_line_height":{"unit":"px","size":24,"sizes":[]},"text_color":"#6A7180"},"elements":[],"isInner":false,"widgetType":"text-editor","elType":"widget"}],"isInner":true,"elType":"column"}],"isInner":true,"elType":"section"}],"isInner":false,"elType":"column"}],"isInner":false,"elType":"section"},{"id":"6da5b216","settings":{"stretch_section":"section-stretched","layout":"full_width","gap":"no","margin":{"unit":"px","top":"58","right":0,"bottom":"-50","left":0,"isLinked":false},"margin_mobile":{"unit":"px","top":"0","right":0,"bottom":"0","left":0,"isLinked":false}},"elements":[{"id":"275c2168","settings":{"_column_size":100,"_inline_size":null},"elements":[{"id":"6fc0d491","settings":{"address":"London Eye, London, United Kingdom","height":{"unit":"px","size":471,"sizes":[]}},"elements":[],"isInner":false,"widgetType":"google_maps","elType":"widget"}],"isInner":false,"elType":"column"}],"isInner":false,"elType":"section"}]}