{"version":"0.4","title":"Header v1","type":"page","content":[{"id":"6aca3aea","settings":{"structure":"20","background_background":"classic","background_color":"#E9F7B5","content_position":"middle"},"elements":[{"id":"75149fe7","settings":{"_column_size":50,"_inline_size":null},"elements":[{"id":"ab7bc8","settings":{"editor":"<p>Ordered before <strong>17:30<\/strong>, shipped today \u2013 Support: <span style=\"color: #0b132b;\"><a style=\"color: #0b132b;\" href=\"tel:01234500789\"><strong>(012) 345 000 789<\/strong><\/a><\/span><\/p>","text_color":"#0B132B","align":"left","typography_typography":"custom","typography_font_family":"Roboto","typography_font_size":{"unit":"px","size":14,"sizes":[]},"typography_line_height":{"unit":"px","size":26,"sizes":[]}},"elements":[],"isInner":false,"widgetType":"text-editor","elType":"widget"}],"isInner":false,"elType":"column"},{"id":"41046cf5","settings":{"_column_size":50,"_inline_size":null,"align":"flex-end"},"elements":[{"id":"6fc0f5e2","settings":{"color_text_custom_language":"#0B132B","custom_language_line_height":{"unit":"px","size":56,"sizes":[]}},"elements":[],"isInner":false,"widgetType":"tbay-custom-language","elType":"widget"},{"id":"69fdd392","settings":{"color_text_currency":"#0B132B","show_flags":"","text_currency_line_height":{"unit":"px","size":56,"sizes":[]},"_padding":{"unit":"px","top":"0","right":"0","bottom":"0","left":"17","isLinked":false}},"elements":[],"isInner":false,"widgetType":"tbay-currency","elType":"widget"}],"isInner":false,"elType":"column"}],"isInner":false,"elType":"section"},{"id":"3225bb55","settings":{"content_position":"middle","structure":"30","padding":{"unit":"px","top":"16","right":"0","bottom":"16","left":"0","isLinked":false}},"elements":[{"id":"1f6cbc22","settings":{"_column_size":33,"_inline_size":32},"elements":[{"id":"3f9e6d18","settings":{"gap":"no","content_position":"middle","structure":"30"},"elements":[{"id":"7418bbcf","settings":{"_column_size":33,"_inline_size":50},"elements":[{"id":"58318f","settings":{"image_logo":{"url":"https:\/\/elementor.thembay.com\/diza_care\/wp-content\/uploads\/2020\/07\/logo-home3.svg","id":2057},"align":"left"},"elements":[],"isInner":false,"widgetType":"diza-site-logo","elType":"widget"}],"isInner":true,"elType":"column"},{"id":"2f991bac","settings":{"_column_size":33,"_inline_size":16.329000000000001},"elements":[{"id":"3a8515d1","settings":{"selected_icon":{"value":"tb-icon tb-icon-location","library":"tbay-custom"},"primary_color":"#9BC33B","size":{"unit":"px","size":28,"sizes":[]},"link":{"url":"https:\/\/goo.gl\/maps\/7uZGfp6C9MEfpGNVA","is_external":"on","nofollow":"","custom_attributes":""},"_padding":{"unit":"px","top":"8","right":"0","bottom":"0","left":"0","isLinked":false}},"elements":[],"isInner":false,"widgetType":"icon","elType":"widget"}],"isInner":true,"elType":"column"},{"id":"7e04cdd7","settings":{"_column_size":33,"_inline_size":null},"elements":[{"id":"3cdc4aae","settings":{"editor":"<span style=\"color: #828895;\"><a style=\"color: #828895;\" href=\"https:\/\/goo.gl\/maps\/7uZGfp6C9MEfpGNVA\" target=\"_blank\">Set delivery location<\/a><\/span>","text_color":"#828895","typography_typography":"custom","typography_font_family":"Roboto","typography_font_size":{"unit":"px","size":15,"sizes":[]},"typography_line_height":{"unit":"px","size":18,"sizes":[]}},"elements":[],"isInner":false,"widgetType":"text-editor","elType":"widget"}],"isInner":true,"elType":"column"}],"isInner":true,"elType":"section"}],"isInner":false,"elType":"column"},{"id":"24a6df92","settings":{"_column_size":33,"_inline_size":45},"elements":[{"id":"1cf38e74","settings":{"placeholder_text":"Search products...","vali_input_search":"Enter at least 2 characters","text_categories_search":"All Categories","border_style_tbay_search_form":"solid","border_width_tbay_search_form":{"unit":"px","top":"1","right":"1","bottom":"1","left":"1","isLinked":true},"border_color_tbay_search_form":"#E0E6EA","border_radius_tbay_search_form":{"unit":"px","top":"5","right":"5","bottom":"5","left":"5","isLinked":true}},"elements":[],"isInner":false,"widgetType":"tbay-search-form","elType":"widget"}],"isInner":false,"elType":"column"},{"id":"19dbb197","settings":{"_column_size":33,"_inline_size":22.664000000000001,"align":"flex-end"},"elements":[{"id":"539d8f49","settings":{"show_text_account":"","sub_menu_account":"my-account","icon_account_size":{"unit":"px","size":24,"sizes":[]},"color_icon":"#9BC33B","position-popup":{"unit":"px","size":62,"sizes":[]},"border_radius_popup":{"unit":"px","top":"0","right":"0","bottom":"5","left":"5","isLinked":false}},"elements":[],"isInner":false,"widgetType":"tbay-account","elType":"widget"},{"id":"3e69291d","settings":{"icon_wishlist_size":{"unit":"px","size":23,"sizes":[]},"title_wishlist":"My Wishlist","color_icon":"#9BC33B","_padding":{"unit":"px","top":"0","right":"22","bottom":"0","left":"21","isLinked":false},"position_left":{"unit":"px","size":21,"sizes":[]}},"elements":[],"isInner":false,"widgetType":"tbay-wishlist","elType":"widget"},{"id":"23772ea7","settings":{"icon_mini_cart_size":{"unit":"px","size":24,"sizes":[]},"title_mini_cart":"Shopping cart","color_icon":"#9BC33B","color_cart_price":"#0B132B","border_popup_border":"solid","border_popup_width":{"unit":"px","top":"1","right":"1","bottom":"1","left":"1","isLinked":true},"border_popup_color":"#E0E6EA","border_radius_popup":{"unit":"px","top":"10","right":"10","bottom":"10","left":"10","isLinked":true},"position-popup":{"unit":"px","size":111,"sizes":[]},"border_radius_popup_cart":{"unit":"px","top":"0","right":"0","bottom":"5","left":"5","isLinked":false}},"elements":[],"isInner":false,"widgetType":"tbay-mini-cart","elType":"widget"}],"isInner":false,"elType":"column"}],"isInner":false,"elType":"section"},{"id":"62884819","settings":{"border_border":"solid","border_width":{"unit":"px","top":"1","right":"0","bottom":"1","left":"0","isLinked":false},"border_color":"#E0E6EA"},"elements":[{"id":"5f47078e","settings":{"_column_size":100,"_inline_size":null},"elements":[{"id":"57948721","settings":{"toggle_menu_title":"Title","toggle_canvas_title":"Title","padding_menu_item":{"unit":"px","top":"15","right":"16","bottom":"15","left":"16","isLinked":false},"no_padding_menu_item_first_item":"yes","align_items":"center"},"elements":[],"isInner":false,"widgetType":"tbay-nav-menu","elType":"widget"}],"isInner":false,"elType":"column"}],"isInner":false,"elType":"section"}]}