{"version":"0.4","title":"Header v1","type":"page","content":[{"id":"7c251152","settings":{"structure":"30","background_background":"classic","background_color":"#FF9D30","content_position":"middle"},"elements":[{"id":"4bb07667","settings":{"_column_size":33,"_inline_size":null},"elements":[{"id":"367c2d44","settings":{"color_text_custom_language":"#FFFFFF","custom_language_line_height":{"unit":"px","size":56,"sizes":[]}},"elements":[],"isInner":false,"widgetType":"tbay-custom-language","elType":"widget"},{"id":"15325339","settings":{"color_text_currency":"#FFFFFF","show_flags":"","text_currency_line_height":{"unit":"px","size":56,"sizes":[]},"_padding":{"unit":"px","top":"0","right":"0","bottom":"0","left":"17","isLinked":false}},"elements":[],"isInner":false,"widgetType":"tbay-currency","elType":"widget"}],"isInner":false,"elType":"column"},{"id":"6e3fcdb1","settings":{"_column_size":33,"_inline_size":null},"elements":[{"id":"7eb2175","settings":{"editor":"<p style=\"text-align: center;\">Welcome to our online store!<\/p>","text_color":"#FFFFFF"},"elements":[],"isInner":false,"widgetType":"text-editor","elType":"widget"}],"isInner":false,"elType":"column"},{"id":"31b05637","settings":{"_column_size":33,"_inline_size":null,"content_position":"center"},"elements":[{"id":"32362a27","settings":{"social_icon_list":[{"social_icon":{"value":"zmdi zmdi-facebook","library":"material-design-iconic"},"_id":"ca3f9a4","link":{"url":"https:\/\/www.facebook.com\/thembayteam","is_external":"true","nofollow":"","custom_attributes":""},"item_icon_color":"custom","item_icon_primary_color":"#FFFFFF","item_icon_secondary_color":"#FF9D30"},{"social_icon":{"value":"zmdi zmdi-twitter","library":"material-design-iconic"},"_id":"8686e60","link":{"url":"https:\/\/twitter.com\/bay_them","is_external":"true","nofollow":"","custom_attributes":""},"item_icon_color":"custom","item_icon_primary_color":"#FFFFFF","item_icon_secondary_color":"#FF9D30"},{"social_icon":{"value":"zmdi zmdi-youtube-play","library":"material-design-iconic"},"_id":"dfcc7f2","link":{"url":"https:\/\/www.youtube.com\/c\/thembay","is_external":"true","nofollow":"","custom_attributes":""},"item_icon_color":"custom","item_icon_primary_color":"#FFFFFF","item_icon_secondary_color":"#FF9D30"},{"social_icon":{"value":"zmdi zmdi-instagram","library":"material-design-iconic"},"link":{"url":"https:\/\/www.instagram.com\/thembayteam\/","is_external":"true","nofollow":"","custom_attributes":""},"item_icon_color":"custom","item_icon_primary_color":"#FFFFFF","item_icon_secondary_color":"#FF9D30","_id":"4546091"}],"shape":"square","align":"right","icon_color":"custom","icon_size":{"unit":"px","size":13,"sizes":[]},"icon_spacing":{"unit":"px","size":11,"sizes":[]},"_margin":{"unit":"px","top":"15","right":"0","bottom":"6","left":"0","isLinked":false},"icon_padding":{"unit":"em","size":0.10000000000000001,"sizes":[]}},"elements":[],"isInner":false,"widgetType":"social-icons","elType":"widget"}],"isInner":false,"elType":"column"}],"isInner":false,"elType":"section"},{"id":"487ea493","settings":{"structure":"30","content_position":"middle","padding":{"unit":"px","top":"16","right":"0","bottom":"16","left":"0","isLinked":false}},"elements":[{"id":"20042327","settings":{"_column_size":33,"_inline_size":25},"elements":[{"id":"376fe51","settings":{"placeholder_text":"Search products...","vali_input_search":"Enter at least 2 characters","text_categories_search":"All Categories","border_style_tbay_search_form":"solid","border_width_tbay_search_form":{"unit":"px","top":"1","right":"1","bottom":"1","left":"1","isLinked":true},"border_color_tbay_search_form":"#E0E6EA","color_icon_btn":"#FF9D30"},"elements":[],"isInner":false,"widgetType":"tbay-search-form","elType":"widget"}],"isInner":false,"elType":"column"},{"id":"22e821f0","settings":{"_column_size":33,"_inline_size":50,"align":"center"},"elements":[{"id":"775ed81c","settings":{"image_logo":{"url":"https:\/\/elementor.thembay.com\/diza_medicine\/wp-content\/uploads\/2020\/07\/logo-home2.svg","id":2058},"align":"center"},"elements":[],"isInner":false,"widgetType":"diza-site-logo","elType":"widget"}],"isInner":false,"elType":"column"},{"id":"446fb905","settings":{"_column_size":33,"_inline_size":24.664000000000001,"align":"flex-end"},"elements":[{"id":"17476434","settings":{"show_text_account":"","sub_menu_account":"my-account","icon_account_size":{"unit":"px","size":24,"sizes":[]},"color_icon":"#FF9D30","position-popup":{"unit":"px","size":62,"sizes":[]},"border_radius_popup":{"unit":"px","top":"0","right":"0","bottom":"5","left":"5","isLinked":false}},"elements":[],"isInner":false,"widgetType":"tbay-account","elType":"widget"},{"id":"64621d09","settings":{"icon_wishlist_size":{"unit":"px","size":23,"sizes":[]},"title_wishlist":"My Wishlist","color_icon":"#FF9D30","_padding":{"unit":"px","top":"0","right":"22","bottom":"0","left":"21","isLinked":false},"position_left":{"unit":"px","size":21,"sizes":[]}},"elements":[],"isInner":false,"widgetType":"tbay-wishlist","elType":"widget"},{"id":"21e2eb24","settings":{"icon_mini_cart_size":{"unit":"px","size":24,"sizes":[]},"title_mini_cart":"Shopping cart","color_icon":"#FF9D30","color_cart_price":"#0B132B","border_popup_border":"solid","border_popup_width":{"unit":"px","top":"1","right":"1","bottom":"1","left":"1","isLinked":true},"border_popup_color":"#E0E6EA","border_radius_popup":{"unit":"px","top":"10","right":"10","bottom":"10","left":"10","isLinked":true},"position-popup":{"unit":"px","size":111,"sizes":[]},"border_radius_popup_cart":{"unit":"px","top":"0","right":"0","bottom":"5","left":"5","isLinked":false}},"elements":[],"isInner":false,"widgetType":"tbay-mini-cart","elType":"widget"}],"isInner":false,"elType":"column"}],"isInner":false,"elType":"section"},{"id":"cce4484","settings":{"structure":"20","border_border":"solid","border_width":{"unit":"px","top":"1","right":"0","bottom":"0","left":"0","isLinked":false},"border_color":"#E0E6EA"},"elements":[{"id":"3c2a002a","settings":{"_column_size":50,"_inline_size":75},"elements":[{"id":"48c502a","settings":{"toggle_menu_title":"Title","toggle_canvas_title":"Title","padding_menu_item":{"unit":"px","top":"15","right":"16","bottom":"15","left":"16","isLinked":false},"no_padding_menu_item_first_item":"yes"},"elements":[],"isInner":false,"widgetType":"tbay-nav-menu","elType":"widget"}],"isInner":false,"elType":"column"},{"id":"73f886df","settings":{"_column_size":50,"_inline_size":25,"content_position":"center","align":"flex-end"},"elements":[{"id":"65143ae","settings":{"header_title":"Recently Viewed","empty":"You have no recently viewed item.","readmore_text":"Read More","readmore_page":512,"heading_header_line_height":{"unit":"px","size":80,"sizes":[]},"heading_header_style_padding":{"unit":"px","top":"0","right":"0","bottom":"0","left":"0","isLinked":false}},"elements":[],"isInner":false,"widgetType":"tbay-product-recently-viewed","elType":"widget"}],"isInner":false,"elType":"column"}],"isInner":false,"elType":"section"}]}