{"version":"0.4","title":"Header v1","type":"page","content":[{"id":"657d0734","settings":{"structure":"30","background_background":"classic","background_color":"#075CC9","content_position":"middle"},"elements":[{"id":"58e5b099","settings":{"_column_size":33,"_inline_size":null},"elements":[{"id":"70b0fc17","settings":{"color_text_custom_language":"#FFFFFF","custom_language_line_height":{"unit":"px","size":56,"sizes":[]}},"elements":[],"isInner":false,"widgetType":"tbay-custom-language","elType":"widget"},{"id":"a99e8f9","settings":{"color_text_currency":"#FFFFFF","show_flags":"","text_currency_line_height":{"unit":"px","size":56,"sizes":[]},"_padding":{"unit":"px","top":"0","right":"0","bottom":"0","left":"17","isLinked":false}},"elements":[],"isInner":false,"widgetType":"tbay-currency","elType":"widget"}],"isInner":false,"elType":"column"},{"id":"398f421f","settings":{"_column_size":33,"_inline_size":null},"elements":[{"id":"2afb101d","settings":{"editor":"<p style=\"text-align: center;\">Welcome to our online store!<\/p>","text_color":"#FFFFFF"},"elements":[],"isInner":false,"widgetType":"text-editor","elType":"widget"}],"isInner":false,"elType":"column"},{"id":"74ff7bbf","settings":{"_column_size":33,"_inline_size":null,"content_position":"center"},"elements":[{"id":"705d39f7","settings":{"social_icon_list":[{"social_icon":{"value":"zmdi zmdi-facebook","library":"material-design-iconic"},"_id":"ca3f9a4","link":{"url":"https:\/\/www.facebook.com\/thembayteam","is_external":"true","nofollow":"","custom_attributes":""},"item_icon_color":"custom","item_icon_primary_color":"#FFFFFF","item_icon_secondary_color":"#075CC9"},{"social_icon":{"value":"zmdi zmdi-twitter","library":"material-design-iconic"},"_id":"8686e60","link":{"url":"https:\/\/twitter.com\/bay_them","is_external":"true","nofollow":"","custom_attributes":""},"item_icon_color":"custom","item_icon_primary_color":"#FFFFFF","item_icon_secondary_color":"#075CC9"},{"social_icon":{"value":"zmdi zmdi-youtube-play","library":"material-design-iconic"},"_id":"dfcc7f2","link":{"url":"https:\/\/www.youtube.com\/c\/thembay","is_external":"true","nofollow":"","custom_attributes":""},"item_icon_color":"custom","item_icon_primary_color":"#FFFFFF","item_icon_secondary_color":"#075CC9"},{"social_icon":{"value":"zmdi zmdi-instagram","library":"material-design-iconic"},"link":{"url":"https:\/\/www.instagram.com\/thembayteam\/","is_external":"true","nofollow":"","custom_attributes":""},"item_icon_color":"custom","item_icon_primary_color":"#FFFFFF","item_icon_secondary_color":"#075CC9","_id":"4546091"}],"shape":"square","align":"right","icon_color":"custom","icon_size":{"unit":"px","size":13,"sizes":[]},"icon_spacing":{"unit":"px","size":11,"sizes":[]},"_margin":{"unit":"px","top":"15","right":"0","bottom":"6","left":"0","isLinked":false},"icon_padding":{"unit":"em","size":0.10000000000000001,"sizes":[]},"hover_secondary_color":"#52D5E6"},"elements":[],"isInner":false,"widgetType":"social-icons","elType":"widget"}],"isInner":false,"elType":"column"}],"isInner":false,"elType":"section"},{"id":"33faebe5","settings":{"content_position":"middle","structure":"30","padding":{"unit":"px","top":"16","right":"0","bottom":"16","left":"0","isLinked":false}},"elements":[{"id":"6e3f4a26","settings":{"_column_size":33,"_inline_size":25},"elements":[{"id":"5b38366f","settings":{"image_logo":{"url":"https:\/\/elementor.thembay.com\/diza\/wp-content\/uploads\/2020\/06\/logo-1.svg","id":1312},"width_logo":{"unit":"px","size":152,"sizes":[]}},"elements":[],"isInner":false,"widgetType":"diza-site-logo","elType":"widget"}],"isInner":false,"elType":"column"},{"id":"3ea144c4","settings":{"_column_size":33,"_inline_size":50,"content_position":"center"},"elements":[{"id":"56c6eb67","settings":{"gap":"no","content_position":"middle","structure":"30"},"elements":[{"id":"eecac8b","settings":{"_column_size":33,"_inline_size":null},"elements":[{"id":"28c28183","settings":{"editor":"<p><i class=\"tb-icon tb-icon-telephone\" style=\"color: #1c6cce; margin-right: 10px;\"><\/i><a href=\"tel:0123456789\">0123-456-789<\/a><\/p>","text_color":"#0B132B","typography_typography":"custom","typography_font_size":{"unit":"px","size":16,"sizes":[]},"typography_line_height":{"unit":"px","size":26,"sizes":[]}},"elements":[],"isInner":false,"widgetType":"text-editor","elType":"widget"}],"isInner":true,"elType":"column"},{"id":"271c46b9","settings":{"_column_size":33,"_inline_size":null},"elements":[{"id":"d6cbcf5","settings":{"editor":"<i class=\"tb-icon tb-icon-email\" style=\"color: #1c6cce; margin-right: 10px;\"><\/i> <a href=\"mailto:info@example\">info@example<\/a>","text_color":"#0B132B","typography_typography":"custom","typography_font_size":{"unit":"px","size":16,"sizes":[]},"typography_line_height":{"unit":"px","size":26,"sizes":[]}},"elements":[],"isInner":false,"widgetType":"text-editor","elType":"widget"}],"isInner":true,"elType":"column"},{"id":"43302467","settings":{"_column_size":33,"_inline_size":null},"elements":[{"id":"56dcad3","settings":{"editor":"<i class=\"tb-icon tb-icon-location\" style=\"color: #1c6cce; margin-right: 10px;\"><\/i><a href=\"https:\/\/www.google.com\/maps\/place\/Lu%C3%A2n+%C4%90%C3%B4n,+V%C6%B0%C6%A1ng+Qu%E1%BB%91c+Anh\/@51.528308,-0.3817765,10z\/data=!3m1!4b1!4m5!3m4!1s0x47d8a00baf21de75:0x52963a5addd52a99!8m2!3d51.5073509!4d-0.1277583?hl=vi-VN\" target=\"_blank\">Store location<\/a>","text_color":"#0B132B","typography_typography":"custom","typography_font_size":{"unit":"px","size":16,"sizes":[]},"typography_line_height":{"unit":"px","size":26,"sizes":[]}},"elements":[],"isInner":false,"widgetType":"text-editor","elType":"widget"}],"isInner":true,"elType":"column"}],"isInner":true,"elType":"section"}],"isInner":false,"elType":"column"},{"id":"31b4589b","settings":{"_column_size":33,"_inline_size":24.664000000000001},"elements":[{"id":"6400e880","settings":{"placeholder_text":"Search products...","vali_input_search":"Enter at least 2 characters","icon_button_search":{"value":"tb-icon tb-icon-search","library":"tbay-custom","liblary":"tb-icon"},"text_categories_search":"All Categories","border_style_tbay_search_form":"solid","border_width_tbay_search_form":{"unit":"px","top":"1","right":"1","bottom":"1","left":"1","isLinked":true},"border_color_tbay_search_form":"#E0E6EA","border_radius_tbay_search_form":{"unit":"px","top":"5","right":"5","bottom":"5","left":"5","isLinked":true}},"elements":[],"isInner":false,"widgetType":"tbay-search-form","elType":"widget"}],"isInner":false,"elType":"column"}],"isInner":false,"elType":"section"},{"id":"17e0f835","settings":{"structure":"20","content_position":"middle","border_border":"solid","border_width":{"unit":"px","top":"1","right":"0","bottom":"0","left":"0","isLinked":false},"border_color":"#E0E6EA"},"elements":[{"id":"95dc89a","settings":{"_column_size":50,"_inline_size":75},"elements":[{"id":"2f748722","settings":{"toggle_menu_title":"Title","toggle_canvas_title":"Title","padding_menu_item":{"unit":"px","top":"15","right":"30","bottom":"14","left":"0","isLinked":false}},"elements":[],"isInner":false,"widgetType":"tbay-nav-menu","elType":"widget"}],"isInner":false,"elType":"column"},{"id":"16aea8f9","settings":{"_column_size":50,"_inline_size":25,"align":"flex-end"},"elements":[{"id":"38cbb391","settings":{"show_text_account":"","sub_menu_account":"my-account","icon_account_size":{"unit":"px","size":24,"sizes":[]},"color_icon":"#075CC9","position-popup":{"unit":"px","size":62,"sizes":[]},"border_radius_popup":{"unit":"px","top":"0","right":"0","bottom":"5","left":"5","isLinked":false}},"elements":[],"isInner":false,"widgetType":"tbay-account","elType":"widget"},{"id":"26909d84","settings":{"icon_wishlist_size":{"unit":"px","size":23,"sizes":[]},"title_wishlist":"My Wishlist","color_icon":"#075CC9","_padding":{"unit":"px","top":"0","right":"22","bottom":"0","left":"21","isLinked":false},"position_left":{"unit":"px","size":21,"sizes":[]}},"elements":[],"isInner":false,"widgetType":"tbay-wishlist","elType":"widget"},{"id":"675eb5ef","settings":{"icon_mini_cart_size":{"unit":"px","size":24,"sizes":[]},"title_mini_cart":"Shopping cart","color_icon":"#075CC9","color_cart_price":"#0B132B","border_popup_border":"solid","border_popup_width":{"unit":"px","top":"1","right":"1","bottom":"1","left":"1","isLinked":true},"border_popup_color":"#E0E6EA","border_radius_popup":{"unit":"px","top":"10","right":"10","bottom":"10","left":"10","isLinked":true},"position-popup":{"unit":"px","size":111,"sizes":[]},"border_radius_popup_cart":{"unit":"px","top":"0","right":"0","bottom":"5","left":"5","isLinked":false}},"elements":[],"isInner":false,"widgetType":"tbay-mini-cart","elType":"widget"}],"isInner":false,"elType":"column"}],"isInner":false,"elType":"section"}]}