{"title":"Static Page Booking Form","meta":{"_form_data":[{"x":0,"y":0,"w":12,"h":1,"i":"0","settings":{"name":"page_id","desc":"","required":"required","type":"hidden","hidden_value":"post_id","hidden_value_field":"","field_options_from":"manual_input","field_options_key":"","field_options":[],"label":"Current Post ID","calc_formula":"","precision":2,"is_message":false,"is_submit":false,"default":""},"moved":false},{"x":0,"y":13,"w":12,"h":1,"i":"1","settings":{"label":"Make an Appointment","name":"Submit","is_message":false,"is_submit":true,"type":"submit","alignment":"right","class_name":""},"moved":false},{"x":0,"y":6,"w":12,"h":1,"i":"2","settings":{"name":"appointment_date","desc":"","required":"required","type":"appointment_date","visibility":"all","field_type":"text","hidden_value":"","hidden_value_field":"","field_options_from":"manual_input","field_options_key":"","field_options":[],"label":"","calc_formula":"","precision":2,"is_message":false,"is_submit":false,"is_page_break":false,"class_name":"","appointment_service_field":"form_field","appointment_provider_field":"form_field","appointment_provider_form_field":"provider_id","appointment_form_field":"service_id","add_prev":true},"moved":false},{"x":0,"y":11,"w":12,"h":1,"i":"3","settings":{"name":"user_email","desc":"","required":"required","type":"text","visibility":"all","field_type":"email","hidden_value":"","hidden_value_field":"","field_options_from":"manual_input","field_options_key":"","field_options":[],"label":"","calc_formula":"","precision":2,"is_message":false,"is_submit":false,"is_page_break":false,"class_name":"","placeholder":"Your Email"},"moved":false},{"x":0,"y":3,"w":12,"h":1,"i":"4","settings":{"name":"provider_id","desc":"","required":"required","type":"appointment_provider","visibility":"all","field_type":"text","hidden_value":"","hidden_value_field":"","field_options_from":"manual_input","field_options_key":"","field_options":[],"label":"Choose a doctor:","calc_formula":"","precision":2,"is_message":false,"is_submit":false,"is_page_break":false,"class_name":"","appointment_service_field":"form_field","appointment_form_field":"service_id","appointment_provider_custom_template_id":"448","appointment_provider_custom_template":"1","switch_on_change":"1","add_prev":true,"prev_label":"&larr; Back"},"moved":false},{"x":0,"y":1,"w":12,"h":1,"i":"5","settings":{"name":"service_id","desc":"","required":"required","type":"radio","visibility":"all","field_type":"text","hidden_value":"","hidden_value_field":"","field_options_from":"posts","field_options_key":"","field_options":[],"label":"Choose services:","calc_formula":"","precision":2,"is_message":false,"is_submit":false,"is_page_break":false,"class_name":"","field_options_post_type":"departments-and-serv","switch_on_change":true,"custom_item_template":true,"custom_item_template_id":"435"},"moved":false},{"x":0,"y":2,"w":12,"h":1,"i":"6","settings":{"name":"page_break","desc":"","required":"required","type":"page_break","visibility":"all","field_type":"text","hidden_value":"","hidden_value_field":"","field_options_from":"manual_input","field_options_key":"","field_options":[],"label":"","calc_formula":"","precision":2,"is_message":false,"is_submit":false,"is_page_break":true,"class_name":"","className":""},"moved":false},{"x":0,"y":4,"w":12,"h":1,"i":"7","settings":{"name":"page_break","desc":"","required":"required","type":"page_break","visibility":"all","field_type":"text","hidden_value":"","hidden_value_field":"","field_options_from":"manual_input","field_options_key":"","field_options":[],"label":"","calc_formula":"","precision":2,"is_message":false,"is_submit":false,"is_page_break":true,"class_name":"","className":""},"moved":false},{"x":0,"y":5,"w":12,"h":1,"i":"8","settings":{"name":"heading","desc":"","required":"required","type":"heading","visibility":"all","field_type":"text","hidden_value":"","hidden_value_field":"","field_options_from":"manual_input","field_options_key":"","field_options":[],"label":"Choose Date and Time:","calc_formula":"","precision":2,"is_message":false,"is_submit":false,"is_page_break":false,"class_name":"","add_prev":true,"prev_label":"&larr; Back"},"moved":false},{"x":0,"y":7,"w":12,"h":1,"i":"9","settings":{"name":"page_break","desc":"","required":"required","type":"page_break","visibility":"all","field_type":"text","hidden_value":"","hidden_value_field":"","field_options_from":"manual_input","field_options_key":"","field_options":[],"label":"Next","calc_formula":"","precision":2,"is_message":false,"is_submit":false,"is_page_break":true,"class_name":"","className":""},"moved":false},{"x":0,"y":8,"w":12,"h":1,"i":"10","settings":{"name":"heading","desc":"","required":"required","type":"heading","visibility":"all","field_type":"text","hidden_value":"","hidden_value_field":"","field_options_from":"manual_input","field_options_key":"","field_options":[],"label":"Confirnation:","calc_formula":"","precision":2,"is_message":false,"is_submit":false,"is_page_break":false,"class_name":"","add_prev":true,"prev_label":"&larr; Back"},"moved":false},{"x":0,"y":9,"w":12,"h":1,"i":"11","settings":{"name":"user_name","desc":"","required":"required","type":"text","visibility":"all","field_type":"text","hidden_value":"","hidden_value_field":"","field_options_from":"manual_input","field_options_key":"","field_options":[],"label":"","calc_formula":"","precision":2,"is_message":false,"is_submit":false,"is_page_break":false,"class_name":"","placeholder":"Your Name"},"moved":false},{"x":0,"y":10,"w":12,"h":1,"i":"12","settings":{"name":"user_phone","desc":"","required":"required","type":"text","visibility":"all","field_type":"tel","hidden_value":"","hidden_value_field":"","field_options_from":"manual_input","field_options_key":"","field_options":[],"label":"","calc_formula":"","precision":2,"is_message":false,"is_submit":false,"is_page_break":false,"class_name":"","placeholder":"Your Phone"},"moved":false},{"x":0,"y":12,"w":12,"h":1,"i":"13","settings":{"name":"_total","desc":"","required":"required","type":"calculated","visibility":"all","field_type":"text","hidden_value":"","hidden_value_field":"","field_options_from":"manual_input","field_options_key":"","field_options":[],"label":"","calc_formula":"%FIELD::appointment_date%*1","precision":2,"is_message":false,"is_submit":false,"is_page_break":false,"class_name":"","calc_prefix":"Total: $"},"moved":false}],"_notifications_data":[{"type":"insert_appointment","mail_to":"admin","hook_name":"","custom_email":"","from_field":"","post_type":"","fields_map":[],"log_in":"","email":{"content":"Hi admin!rnrnThere are new order on your website.rnrnOrder details:rn- Post ID: %post_id%","subject":"New order on website"},"appointment_email_field":"user_email","appointment_service_field":"service_id","appointment_date_field":"appointment_date","appointment_provider_field":"provider_id","activecampaign":{"fields_map":[],"lists":[]},"default_meta":[],"redirect_args":[],"mailchimp":{"fields_map":[],"data":[]},"getresponse":{"fields_map":[],"data":[]},"appointment_custom_field_phone":"user_phone"},{"type":"email","mail_to":"form","hook_name":"send","custom_email":"","from_field":"user_email","post_type":"","fields_map":[],"meta_fields_map":[],"email":{"subject":"New order","from_name":"Crocoblock","from_address":"info@crocoblock.com","content":"Hi, <b>%user_name%<\/b>!You already book <b>%service_id|post_title_by_id%<\/b>.Glad to see you on %appointment_date%All the best!"},"default_meta":[],"redirect_args":[],"mailchimp":{"fields_map":[],"data":[]},"activecampaign":{"fields_map":[],"lists":[]},"getresponse":{"fields_map":[],"data":[]},"reply_to":""},{"type":"redirect","mail_to":"admin","hook_name":"send","custom_email":"","from_field":"","post_type":"","fields_map":[],"meta_fields_map":[],"email":[],"default_meta":[],"redirect_args":[],"mailchimp":{"fields_map":[],"data":[]},"activecampaign":{"fields_map":[],"lists":[]},"getresponse":{"fields_map":[],"data":[]},"redirect_type":"static_page","redirect_page":"993"}],"_messages":{"success":"Form successfully submitted.","failed":"There was an error trying to submit form. Please try again later.","validation_failed":"One or more fields have an error. Please check and try again.","invalid_email":"The e-mail address entered is invalid.","empty_field":"The field is required.","password_mismatch":"Passwords don't match.","username_exists":"This username already taken.","email_exists":"This e-mail already used.","sanitize_user":"Username contains not allowed characters.","empty_username":"Please set username.","empty_email":"Please set user email.","empty_password":"Please set user password.","already_logged_in":"You already logged in.","captcha_failed":"Captcha validation failed","internal_error":"Internal server error. Please try again later."},"_captcha":{"use_global":false,"enabled":false,"key":"","secret":""},"_preset":{"enabled":false,"from":"post","post_from":"current_post","user_from":"current_user","query_var":"_post_id","fields_map":[]}}}