{"version":"0.4","title":"template-megamenu-elements","type":"page","content":[{"id":"11c816da","settings":{"structure":"30"},"elements":[{"id":"3f1dc72f","settings":{"_column_size":33,"_inline_size":null},"elements":[{"id":"6820e5b6","settings":{"align":"left","heading_title":"Theme Element","heading_icon":{"value":"","library":""},"heading_title_typography_typography":"custom","heading_title_typography_font_size":{"unit":"px","size":18,"sizes":[]},"heading_title_typography_line_height":{"unit":"px","size":26,"sizes":[]},"heading_title_bottom_space":{"unit":"px","size":0,"sizes":[]},"heading_style_padding":{"unit":"px","top":"0","right":"0","bottom":"12","left":"0","isLinked":false},"heading_title_typography_font_size_tablet":{"unit":"px","size":16,"sizes":[]},"heading_title_typography_line_height_tablet":{"unit":"px","size":23,"sizes":[]},"heading_style_padding_tablet":{"unit":"px","top":"25","right":"15","bottom":"5","left":"15","isLinked":false}},"elements":[],"isInner":false,"widgetType":"tbay-heading","elType":"widget"},{"id":"78e519e4","settings":{"wp":{"title":"","nav_menu":"38"}},"elements":[],"isInner":false,"widgetType":"wp-widget-nav_menu","elType":"widget"}],"isInner":false,"elType":"column"},{"id":"51e51154","settings":{"_column_size":33,"_inline_size":null},"elements":[{"id":"6ee3e101","settings":{"align":"left","heading_title":"Visual Element","heading_icon":{"value":"","library":""},"heading_title_typography_typography":"custom","heading_title_typography_font_size":{"unit":"px","size":18,"sizes":[]},"heading_title_typography_line_height":{"unit":"px","size":26,"sizes":[]},"heading_title_bottom_space":{"unit":"px","size":0,"sizes":[]},"heading_style_padding":{"unit":"px","top":"0","right":"0","bottom":"12","left":"0","isLinked":false},"heading_title_typography_font_size_tablet":{"unit":"px","size":16,"sizes":[]},"heading_title_typography_line_height_tablet":{"unit":"px","size":23,"sizes":[]},"heading_style_padding_tablet":{"unit":"px","top":"25","right":"15","bottom":"5","left":"15","isLinked":false}},"elements":[],"isInner":false,"widgetType":"tbay-heading","elType":"widget"},{"id":"6dbb9ee1","settings":{"wp":{"title":"","nav_menu":"40"}},"elements":[],"isInner":false,"widgetType":"wp-widget-nav_menu","elType":"widget"}],"isInner":false,"elType":"column"},{"id":"428028b9","settings":{"_column_size":33,"_inline_size":null},"elements":[{"id":"1c619504","settings":{"align":"left","heading_title":"WooCommerce Element","heading_icon":{"value":"","library":""},"heading_title_typography_typography":"custom","heading_title_typography_font_size":{"unit":"px","size":18,"sizes":[]},"heading_title_typography_line_height":{"unit":"px","size":26,"sizes":[]},"heading_title_bottom_space":{"unit":"px","size":0,"sizes":[]},"heading_style_padding":{"unit":"px","top":"0","right":"0","bottom":"12","left":"0","isLinked":false},"heading_title_typography_font_size_tablet":{"unit":"px","size":16,"sizes":[]},"heading_title_typography_line_height_tablet":{"unit":"px","size":23,"sizes":[]},"heading_style_padding_tablet":{"unit":"px","top":"25","right":"15","bottom":"5","left":"15","isLinked":false}},"elements":[],"isInner":false,"widgetType":"tbay-heading","elType":"widget"},{"id":"4b35ae7e","settings":{"wp":{"title":"","nav_menu":"39"}},"elements":[],"isInner":false,"widgetType":"wp-widget-nav_menu","elType":"widget"}],"isInner":false,"elType":"column"}],"isInner":false,"elType":"section"}]}