{"version":"0.4","title":"template-megamenu-collection","type":"page","content":[{"id":"1a6aa0fa","settings":{"structure":"40"},"elements":[{"id":"426546cc","settings":{"_column_size":25,"_inline_size":25},"elements":[{"id":"52aac8db","settings":{"align":"left","heading_title":"What's new in?","heading_icon":{"value":"","library":""},"heading_title_typography_typography":"custom","heading_title_typography_font_size":{"unit":"px","size":18,"sizes":[]},"heading_title_typography_line_height":{"unit":"px","size":26,"sizes":[]},"heading_title_bottom_space":{"unit":"px","size":0,"sizes":[]},"heading_style_padding":{"unit":"px","top":"0","right":"0","bottom":"12","left":"0","isLinked":false},"heading_title_typography_font_size_tablet":{"unit":"px","size":16,"sizes":[]},"heading_title_typography_line_height_tablet":{"unit":"px","size":23,"sizes":[]},"heading_style_padding_tablet":{"unit":"px","top":"25","right":"15","bottom":"5","left":"15","isLinked":false}},"elements":[],"isInner":false,"widgetType":"tbay-heading","elType":"widget"},{"id":"20205b1a","settings":{"wp":{"title":"","nav_menu":"84"}},"elements":[],"isInner":false,"widgetType":"wp-widget-nav_menu","elType":"widget"}],"isInner":false,"elType":"column"},{"id":"29ea1a9b","settings":{"_column_size":25,"_inline_size":25},"elements":[{"id":"d6f8de3","settings":{"align":"left","heading_title":"Medicine","heading_icon":{"value":"","library":""},"heading_title_typography_typography":"custom","heading_title_typography_font_size":{"unit":"px","size":18,"sizes":[]},"heading_title_typography_line_height":{"unit":"px","size":26,"sizes":[]},"heading_title_bottom_space":{"unit":"px","size":0,"sizes":[]},"heading_style_padding":{"unit":"px","top":"0","right":"0","bottom":"12","left":"0","isLinked":false},"heading_title_typography_font_size_tablet":{"unit":"px","size":16,"sizes":[]},"heading_title_typography_line_height_tablet":{"unit":"px","size":23,"sizes":[]},"heading_style_padding_tablet":{"unit":"px","top":"25","right":"15","bottom":"5","left":"15","isLinked":false}},"elements":[],"isInner":false,"widgetType":"tbay-heading","elType":"widget"},{"id":"5e1a8223","settings":{"wp":{"title":"","nav_menu":"85"}},"elements":[],"isInner":false,"widgetType":"wp-widget-nav_menu","elType":"widget"}],"isInner":false,"elType":"column"},{"id":"626e9c09","settings":{"_column_size":25,"_inline_size":25},"elements":[{"id":"19e95649","settings":{"image":{"url":"https:\/\/elementor.thembay.com\/diza\/wp-content\/uploads\/2020\/06\/img-about-us-02.png","id":516},"align":"right","link_to":"custom","link":{"url":"https:\/\/elementor.thembay.com\/diza\/shop\/","is_external":"","nofollow":"","custom_attributes":""},"_padding_tablet":{"unit":"px","top":"15","right":"15","bottom":"15","left":"15","isLinked":true}},"elements":[],"isInner":false,"widgetType":"image","elType":"widget"}],"isInner":false,"elType":"column"},{"id":"3e7faee9","settings":{"_column_size":25,"_inline_size":25},"elements":[{"id":"7ee1357a","settings":{"image":{"url":"https:\/\/elementor.thembay.com\/diza\/wp-content\/uploads\/2020\/06\/img-about-us-01.png","id":515},"align":"right","link_to":"custom","link":{"url":"https:\/\/elementor.thembay.com\/diza\/shop\/","is_external":"","nofollow":"","custom_attributes":""},"_padding_tablet":{"unit":"px","top":"0","right":"15","bottom":"15","left":"15","isLinked":false}},"elements":[],"isInner":false,"widgetType":"image","elType":"widget"}],"isInner":false,"elType":"column"}],"isInner":false,"elType":"section"}]}