{"version":"0.4","title":"template-megamenu-blog","type":"page","content":[{"id":"53f8d3fe","settings":{"structure":"20"},"elements":[{"id":"66f9fa3a","settings":{"_column_size":50,"_inline_size":null},"elements":[{"id":"2d794c6b","settings":{"align":"left","heading_title":"Blog Archive","heading_icon":{"value":"","library":""},"heading_title_typography_typography":"custom","heading_title_typography_font_size":{"unit":"px","size":18,"sizes":[]},"heading_title_typography_line_height":{"unit":"px","size":26,"sizes":[]},"heading_title_bottom_space":{"unit":"px","size":0,"sizes":[]},"heading_style_padding":{"unit":"px","top":"0","right":"0","bottom":"12","left":"0","isLinked":false},"heading_title_typography_font_size_tablet":{"unit":"px","size":16,"sizes":[]},"heading_title_typography_line_height_tablet":{"unit":"px","size":23,"sizes":[]},"heading_style_padding_tablet":{"unit":"px","top":"25","right":"15","bottom":"5","left":"15","isLinked":false}},"elements":[],"isInner":false,"widgetType":"tbay-heading","elType":"widget"},{"id":"5d55bde9","settings":{"wp":{"title":"","nav_menu":"114"}},"elements":[],"isInner":false,"widgetType":"wp-widget-nav_menu","elType":"widget"}],"isInner":false,"elType":"column"},{"id":"7d8b4351","settings":{"_column_size":50,"_inline_size":null},"elements":[{"id":"478d4f1a","settings":{"align":"left","heading_title":"Blog Type","heading_icon":{"value":"","library":""},"heading_title_typography_typography":"custom","heading_title_typography_font_size":{"unit":"px","size":18,"sizes":[]},"heading_title_typography_line_height":{"unit":"px","size":26,"sizes":[]},"heading_title_bottom_space":{"unit":"px","size":0,"sizes":[]},"heading_style_padding":{"unit":"px","top":"0","right":"0","bottom":"12","left":"0","isLinked":false},"heading_title_typography_font_size_tablet":{"unit":"px","size":16,"sizes":[]},"heading_title_typography_line_height_tablet":{"unit":"px","size":23,"sizes":[]},"heading_style_padding_tablet":{"unit":"px","top":"25","right":"15","bottom":"5","left":"15","isLinked":false}},"elements":[],"isInner":false,"widgetType":"tbay-heading","elType":"widget"},{"id":"7765b8ab","settings":{"wp":{"title":"","nav_menu":"115"}},"elements":[],"isInner":false,"widgetType":"wp-widget-nav_menu","elType":"widget"}],"isInner":false,"elType":"column"}],"isInner":false,"elType":"section"}]}