{"version":"0.4","title":"template-megamenu-product","type":"page","content":[{"id":"2fb029f","settings":{"structure":"20"},"elements":[{"id":"14d08c86","settings":{"_column_size":50,"_inline_size":null},"elements":[{"id":"f557fe0","settings":{"align":"left","heading_title":"Product Types","heading_icon":{"value":"","library":""},"heading_title_typography_typography":"custom","heading_title_typography_font_size":{"unit":"px","size":18,"sizes":[]},"heading_title_typography_line_height":{"unit":"px","size":26,"sizes":[]},"heading_title_bottom_space":{"unit":"px","size":0,"sizes":[]},"heading_style_padding":{"unit":"px","top":"0","right":"0","bottom":"12","left":"0","isLinked":false},"heading_title_typography_font_size_tablet":{"unit":"px","size":16,"sizes":[]},"heading_title_typography_line_height_tablet":{"unit":"px","size":23,"sizes":[]},"heading_style_padding_tablet":{"unit":"px","top":"25","right":"15","bottom":"5","left":"15","isLinked":false}},"elements":[],"isInner":false,"widgetType":"tbay-heading","elType":"widget"},{"id":"62fe88fc","settings":{"wp":{"title":"","nav_menu":"88"}},"elements":[],"isInner":false,"widgetType":"wp-widget-nav_menu","elType":"widget"}],"isInner":false,"elType":"column"},{"id":"38e801eb","settings":{"_column_size":50,"_inline_size":null},"elements":[{"id":"228af166","settings":{"align":"left","heading_title":"Product Layout","heading_icon":{"value":"","library":""},"heading_title_typography_typography":"custom","heading_title_typography_font_size":{"unit":"px","size":18,"sizes":[]},"heading_title_typography_line_height":{"unit":"px","size":26,"sizes":[]},"heading_title_bottom_space":{"unit":"px","size":0,"sizes":[]},"heading_style_padding":{"unit":"px","top":"0","right":"0","bottom":"12","left":"0","isLinked":false},"heading_title_typography_font_size_tablet":{"unit":"px","size":16,"sizes":[]},"heading_title_typography_line_height_tablet":{"unit":"px","size":23,"sizes":[]},"heading_style_padding_tablet":{"unit":"px","top":"25","right":"15","bottom":"5","left":"15","isLinked":false}},"elements":[],"isInner":false,"widgetType":"tbay-heading","elType":"widget"},{"id":"1fdad8c7","settings":{"wp":{"title":"","nav_menu":"92"}},"elements":[],"isInner":false,"widgetType":"wp-widget-nav_menu","elType":"widget"}],"isInner":false,"elType":"column"}],"isInner":false,"elType":"section"},{"id":"7f0ec6c3","settings":{"structure":"00"},"elements":[],"isInner":false,"elType":"section"}]}