{"content":[{"id":"8eee412","settings":{"jet_parallax_layout_list":[{"jet_parallax_layout_image":{"url":""},"_id":"d28a799"}],"jedv_conditions":[{"_id":"15a48d1"}]},"elements":[{"id":"34a95649","settings":{"_column_size":100,"_inline_size":null,"content_position":"center","align":"space-between","space_between_widgets":0,"border_border":"solid","border_width":{"unit":"px","top":"0","right":"0","bottom":"1","left":"0","isLinked":false},"border_color":"#D6DFEC","border_radius":{"unit":"px","top":"0","right":"0","bottom":"0","left":"0","isLinked":false},"margin":{"unit":"px","top":"0","right":"0","bottom":"0","left":"0","isLinked":false},"padding":{"unit":"px","top":"0","right":"0","bottom":"0","left":"0","isLinked":true},"jedv_conditions":[{"_id":"268f9a0"}]},"elements":[{"id":"55493e14","settings":{"link_label":"%title%","query_args":"_post_id=%current_id%","link_typography_typography":"custom","link_typography_font_family":"Martel Sans","link_typography_font_size":{"unit":"px","size":16,"sizes":[]},"link_typography_font_weight":"600","link_typography_line_height":{"unit":"px","size":23,"sizes":[]},"link_color":"#0A3380","link_icon_color":"#0A3380","link_color_hover":"#2EA6F7","link_icon_color_hover":"#2EA6F7","link_padding":{"unit":"px","top":"0","right":"0","bottom":"0","left":"0","isLinked":false},"link_margin":{"unit":"px","top":"0","right":"0","bottom":"0","left":"0","isLinked":false},"link_border_radius":{"unit":"px","top":"0","right":"0","bottom":"0","left":"0","isLinked":false},"link_icon_position":"3","_margin":{"unit":"px","top":"0","right":"0","bottom":"0","left":"0","isLinked":false},"_padding":{"unit":"px","top":"12","right":"0","bottom":"11","left":"0","isLinked":false},"_element_width":"auto","delete_link_dialog":"Are you sure you want to delete this post?","jedv_conditions":[{"_id":"9fcad8e"}]},"elements":[],"isInner":false,"widgetType":"jet-listing-dynamic-link","elType":"widget"},{"id":"7b7502dc","settings":{"link_label":" ","query_args":"_post_id=%current_id%","selected_link_icon":{"value":"fas fa-angle-right","library":"fa-solid"},"link_typography_typography":"custom","link_typography_font_family":"Martel Sans","link_typography_font_size":{"unit":"px","size":16,"sizes":[]},"link_typography_font_weight":"600","link_typography_line_height":{"unit":"px","size":23,"sizes":[]},"link_color":"#0A3380","link_icon_color":"#607795","link_color_hover":"#2EA6F7","link_icon_color_hover":"#2EA6F7","link_padding":{"unit":"px","top":"0","right":"0","bottom":"0","left":"0","isLinked":false},"link_margin":{"unit":"px","top":"0","right":"0","bottom":"0","left":"0","isLinked":false},"link_border_radius":{"unit":"px","top":"0","right":"0","bottom":"0","left":"0","isLinked":false},"link_icon_position":"3","_margin":{"unit":"px","top":"0","right":"0","bottom":"0","left":"0","isLinked":false},"_padding":{"unit":"px","top":"0","right":"0","bottom":"0","left":"0","isLinked":false},"_element_width":"auto","delete_link_dialog":"Are you sure you want to delete this post?","jedv_conditions":[{"_id":"b924f8e"}]},"elements":[],"isInner":false,"widgetType":"jet-listing-dynamic-link","elType":"widget"}],"isInner":false,"elType":"column"}],"isInner":false,"elType":"section"}],"page_settings":{"listing_post_type":"departments-and-serv","listing_tax":"category","listing_link":"yes"},"version":"0.4","title":"Departments List","type":"page"}