{"content":[{"id":"1bad63ee","settings":{"jet_parallax_layout_list":[{"jet_parallax_layout_image":{"url":""},"_id":"3b9264e"}],"jedv_conditions":[{"_id":"4258188"}]},"elements":[{"id":"43d15862","settings":{"_column_size":100,"_inline_size":null,"space_between_widgets":0,"margin":{"unit":"px","top":"0","right":"0","bottom":"0","left":"0","isLinked":false},"padding":{"unit":"px","top":"0","right":"0","bottom":"0","left":"0","isLinked":false},"jedv_conditions":[{"_id":"64e2dc1"}]},"elements":[{"id":"637b57c3","settings":{"link_label":"%title%","query_args":"_post_id=%current_id%","link_typography_typography":"custom","link_typography_font_family":"Martel Sans","link_typography_font_size":{"unit":"px","size":16,"sizes":[]},"link_typography_font_weight":"400","link_typography_line_height":{"unit":"px","size":35,"sizes":[]},"link_color":"#607795","link_icon_color":"#0A3380","link_color_hover":"#2EA6F7","link_icon_color_hover":"#2EA6F7","link_padding":{"unit":"px","top":"0","right":"0","bottom":"0","left":"0","isLinked":false},"link_margin":{"unit":"px","top":"0","right":"0","bottom":"0","left":"0","isLinked":false},"link_border_radius":{"unit":"px","top":"0","right":"0","bottom":"0","left":"0","isLinked":false},"link_icon_position":"3","_margin":{"unit":"px","top":"0","right":"0","bottom":"0","left":"0","isLinked":false},"_padding":{"unit":"px","top":"0","right":"0","bottom":"0","left":"0","isLinked":false},"link_alignment":"","link_alignment_mobile":"center","delete_link_dialog":"Are you sure you want to delete this post?","jedv_conditions":[{"_id":"6247ee3"}]},"elements":[],"isInner":false,"widgetType":"jet-listing-dynamic-link","elType":"widget"}],"isInner":false,"elType":"column"}],"isInner":false,"elType":"section"}],"page_settings":{"listing_post_type":"departments-and-serv","listing_tax":"category"},"version":"0.4","title":"Department List Footer","type":"page"}