{"content":[{"id":"2b1523b8","settings":{"jet_parallax_layout_list":[{"jet_parallax_layout_image":{"url":""},"_id":"a2b4f47"}],"structure":"30","content_position":"middle","background_hover_background":"classic","background_hover_color":"#EBF7FF","padding":{"unit":"px","top":"19","right":"50","bottom":"19","left":"50","isLinked":false},"padding_mobile":{"unit":"px","top":"15","right":"20","bottom":"15","left":"20","isLinked":false},"jedv_conditions":[{"_id":"e589d4f"}]},"elements":[{"id":"69797348","settings":{"_column_size":33,"_inline_size":10,"space_between_widgets":0,"margin":{"unit":"px","top":"0","right":"0","bottom":"0","left":"0","isLinked":false},"padding":{"unit":"px","top":"0","right":"0","bottom":"0","left":"0","isLinked":false},"align":"flex-start","_inline_size_mobile":15,"jedv_conditions":[{"_id":"8826e8c"}]},"elements":[{"id":"1fa74fd6","settings":{"check_mark_icon_default":{"value":{"url":"https:\/\/demo.crocoblock.com\/medcenter\/wp-content\/uploads\/2020\/03\/check.svg","id":436},"library":"svg"},"check_mark_icon_checked":{"value":"far fa-check-circle","library":"fa-regular"},"check_mark_box_size":{"unit":"px","size":24,"sizes":[]},"check_mark_border_radius":{"unit":"px","top":"0","right":"0","bottom":"0","left":"0","isLinked":false},"_margin":{"unit":"px","top":"0","right":"0","bottom":"0","left":"0","isLinked":false},"_padding":{"unit":"px","top":"0","right":"0","bottom":"0","left":"0","isLinked":false},"_element_width":"auto","jedv_conditions":[{"_id":"d7705e5"}]},"elements":[],"isInner":false,"widgetType":"jet-engine-forms-check-mark","elType":"widget"}],"isInner":false,"elType":"column"},{"id":"1b36ada6","settings":{"_column_size":33,"_inline_size":56.33,"space_between_widgets":0,"margin":{"unit":"px","top":"0","right":"0","bottom":"0","left":"0","isLinked":false},"padding":{"unit":"px","top":"0","right":"0","bottom":"0","left":"0","isLinked":false},"_inline_size_mobile":55,"jedv_conditions":[{"_id":"f2a2526"}]},"elements":[{"id":"57f4bc52","settings":{"dynamic_excerpt_more":"...","date_format":"F j, Y","num_dec_point":".","num_thousands_sep":",","multiselect_delimiter":", ","dynamic_field_format":"%s","field_color":"#607795","field_typography_typography":"custom","field_typography_font_family":"Martel Sans","field_typography_font_size":{"unit":"px","size":18,"sizes":[]},"field_typography_line_height":{"unit":"px","size":27,"sizes":[]},"field_typography_font_size_mobile":{"unit":"px","size":15,"sizes":[]},"jedv_conditions":[{"_id":"4c6e9a2"}]},"elements":[],"isInner":false,"widgetType":"jet-listing-dynamic-field","elType":"widget"}],"isInner":false,"elType":"column"},{"id":"42cdf313","settings":{"_column_size":33,"_inline_size":null,"space_between_widgets":0,"margin":{"unit":"px","top":"0","right":"0","bottom":"0","left":"0","isLinked":false},"padding":{"unit":"px","top":"0","right":"0","bottom":"0","left":"0","isLinked":false},"_inline_size_mobile":30,"jedv_conditions":[{"_id":"62ce18d"}]},"elements":[{"id":"3c8281fa","settings":{"dynamic_field_source":"meta","dynamic_excerpt_more":"...","dynamic_field_post_meta":"_app_price","dynamic_field_filter":"yes","filter_callback":"number_format","date_format":"F j, Y","num_dec_point":".","num_thousands_sep":",","multiselect_delimiter":", ","dynamic_field_custom":"yes","dynamic_field_format":"$%s","field_color":"#0A3380","field_typography_typography":"custom","field_typography_font_family":"Martel Sans","field_typography_font_size":{"unit":"px","size":18,"sizes":[]},"field_typography_line_height":{"unit":"px","size":27,"sizes":[]},"field_alignment":"flex-end","jedv_conditions":[{"_id":"f855988"}]},"elements":[],"isInner":false,"widgetType":"jet-listing-dynamic-field","elType":"widget"}],"isInner":false,"elType":"column"}],"isInner":false,"elType":"section"}],"page_settings":{"listing_post_type":"departments-and-serv","listing_tax":"category","preview_width":{"unit":"px","size":"500","sizes":[]}},"version":"0.4","title":"Services List Temp","type":"page"}