{"content":[{"id":"5fe0bcc8","settings":{"jet_parallax_layout_list":[{"jet_parallax_layout_image":{"url":""},"_id":"3fd8d1b"}],"jedv_conditions":[{"_id":"c732b5b"}]},"elements":[{"id":"49eceaf2","settings":{"_column_size":100,"_inline_size":null,"space_between_widgets":0,"margin":{"unit":"px","top":"0","right":"0","bottom":"0","left":"0","isLinked":false},"padding":{"unit":"px","top":"0","right":"0","bottom":"0","left":"0","isLinked":false},"jedv_conditions":[{"_id":"2ff9b74"}]},"elements":[{"id":"2daa2648","settings":{"_margin":{"unit":"px","top":"0","right":"0","bottom":"0","left":"0","isLinked":false},"_padding":{"unit":"px","top":"0","right":"0","bottom":"10","left":"0","isLinked":false},"jedv_conditions":[{"_id":"5f71366"}]},"elements":[],"isInner":false,"widgetType":"jet-listing-dynamic-image","elType":"widget"},{"id":"16215950","settings":{"link_label":"%title%","query_args":"_post_id=%current_id%","link_typography_typography":"custom","link_typography_font_family":"Martel Sans","link_typography_font_size":{"unit":"px","size":20,"sizes":[]},"link_typography_font_weight":"normal","link_typography_line_height":{"unit":"px","size":30,"sizes":[]},"link_typography_letter_spacing":{"unit":"px","size":-0.4,"sizes":[]},"link_color":"#0A3380","link_padding":{"unit":"px","top":"0","right":"0","bottom":"0","left":"0","isLinked":false},"link_margin":{"unit":"px","top":"0","right":"0","bottom":"0","left":"0","isLinked":false},"link_border_radius":{"unit":"px","top":"0","right":"0","bottom":"0","left":"0","isLinked":false},"link_alignment_tablet":"center","link_alignment_mobile":"center","link_typography_font_size_tablet":{"unit":"px","size":16,"sizes":[]},"link_typography_line_height_tablet":{"unit":"px","size":25,"sizes":[]},"link_color_hover":"#FF9E21","delete_link_dialog":"Are you sure you want to delete this post?","jedv_conditions":[{"_id":"bc9d3f4"}]},"elements":[],"isInner":false,"widgetType":"jet-listing-dynamic-link","elType":"widget"},{"id":"1fd36df5","settings":{"dynamic_field_source":"meta","dynamic_excerpt_more":"...","dynamic_field_post_meta":"_specialty","date_format":"F j, Y","num_dec_point":".","num_thousands_sep":",","multiselect_delimiter":", ","dynamic_field_format":"%s","field_color":"#607795","field_typography_typography":"custom","field_typography_font_family":"Martel Sans","field_typography_font_size":{"unit":"px","size":14,"sizes":[]},"field_typography_font_weight":"400","field_typography_line_height":{"unit":"px","size":14,"sizes":[]},"field_alignment_tablet":"center","field_alignment_mobile":"center","jedv_conditions":[{"_id":"365bc3a"}]},"elements":[],"isInner":false,"widgetType":"jet-listing-dynamic-field","elType":"widget"}],"isInner":false,"elType":"column"}],"isInner":false,"elType":"section"}],"page_settings":{"listing_post_type":"doctors","listing_tax":"category","preview_width":{"unit":"px","size":"220","sizes":[]},"listing_link":"yes"},"version":"0.4","title":"Single Doc List","type":"page"}