{"content":[{"id":"2f197950","settings":{"jet_parallax_layout_list":[{"jet_parallax_layout_image":{"url":""},"_id":"55d4cc2"}],"gap":"no","padding":{"unit":"px","top":"0","right":"0","bottom":"0","left":"0","isLinked":false},"jedv_conditions":[{"_id":"eb34a30"}]},"elements":[{"id":"744aa4e2","settings":{"_column_size":100,"_inline_size":null,"space_between_widgets":0,"margin":{"unit":"px","top":"0","right":"0","bottom":"0","left":"0","isLinked":false},"padding":{"unit":"px","top":"0","right":"0","bottom":"0","left":"0","isLinked":false},"jedv_conditions":[{"_id":"e099ea5"}]},"elements":[{"id":"13015cc1","settings":{"dynamic_field_source":"repeater_field","dynamic_excerpt_more":"...","dynamic_field_post_meta":"_specialty","dynamic_field_post_meta_custom":"specialisation","selected_field_icon":{"value":{"url":"https:\/\/demo.crocoblock.com\/medcenter\/wp-content\/uploads\/2020\/04\/specialisation_bulet.svg","id":707},"library":"svg"},"date_format":"F j, Y","num_dec_point":".","num_thousands_sep":",","multiselect_delimiter":", ","dynamic_field_format":"%s","field_tag":"span","field_color":"#607795","field_typography_typography":"custom","field_typography_font_family":"Martel Sans","field_typography_font_size":{"unit":"px","size":14,"sizes":[]},"field_typography_line_height":{"unit":"px","size":23,"sizes":[]},"field_padding":{"unit":"px","top":"0","right":"0","bottom":"0","left":"0","isLinked":false},"field_margin":{"unit":"px","top":"0","right":"0","bottom":"0","left":"0","isLinked":false},"field_border_radius":{"unit":"px","top":"0","right":"0","bottom":"0","left":"0","isLinked":false},"icon_gap":{"unit":"px","size":10,"sizes":[]},"_margin":{"unit":"px","top":"0","right":"0","bottom":"0","left":"0","isLinked":false},"_padding":{"unit":"px","top":"0","right":"0","bottom":"0","left":"0","isLinked":false},"jedv_conditions":[{"_id":"8c1a882"}]},"elements":[],"isInner":false,"widgetType":"jet-listing-dynamic-field","elType":"widget"}],"isInner":false,"elType":"column"}],"isInner":false,"elType":"section"}],"page_settings":{"listing_source":"repeater","listing_post_type":"doctors","listing_tax":"category","repeater_field":"_specialisation","preview_width":{"unit":"px","size":"500","sizes":[]}},"version":"0.4","title":"Specialisation","type":"page"}