{"content":[{"id":"3c6276a2","settings":{"content_width":{"unit":"px","size":1190,"sizes":[]},"jet_parallax_layout_list":[{"jet_parallax_layout_image":{"url":""},"_id":"63bc404"}],"background_background":"classic","background_image":{"url":"https:\/\/demo.crocoblock.com\/medcenter\/wp-content\/uploads\/2020\/03\/bg_4.jpg","id":405},"background_position":"top center","background_repeat":"no-repeat","background_size":"cover","padding":{"unit":"px","top":"130","right":"0","bottom":"265","left":"0","isLinked":false},"jedv_conditions":[{"_id":"c5e6039"}]},"elements":[{"id":"4793c9b0","settings":{"_column_size":100,"_inline_size":null,"space_between_widgets":0,"margin":{"unit":"%","top":"0","right":"0","bottom":"0","left":"0","isLinked":true},"jedv_conditions":[{"_id":"56b86e2"}]},"elements":[{"id":"62be8635","settings":{"title":"Our Providers","align":"left","title_color":"#FFFFFF","typography_typography":"custom","typography_font_family":"Martel Sans","typography_font_size":{"unit":"px","size":40,"sizes":[]},"typography_font_weight":"800","typography_line_height":{"unit":"px","size":46,"sizes":[]},"typography_letter_spacing":{"unit":"px","size":-1.6,"sizes":[]},"align_tablet":"center","jedv_conditions":[{"_id":"5871059"}]},"elements":[],"isInner":false,"widgetType":"heading","elType":"widget"}],"isInner":false,"elType":"column"}],"isInner":false,"elType":"section"},{"id":"3ea8371d","settings":{"jet_parallax_layout_list":[{"jet_parallax_layout_image":{"url":""},"_id":"73dd024"}],"background_color":"#FFFFFF","margin":{"unit":"px","top":"-150","right":0,"bottom":"0","left":0,"isLinked":false},"z_index":1,"padding_tablet":{"unit":"px","top":"10","right":"10","bottom":"10","left":"10","isLinked":true},"jedv_conditions":[{"_id":"089bd42"}]},"elements":[{"id":"19ff4b78","settings":{"_column_size":100,"_inline_size":null,"space_between_widgets":0,"margin":{"unit":"px","top":"0","right":"0","bottom":"0","left":"0","isLinked":false},"padding":{"unit":"px","top":"0","right":"0","bottom":"0","left":"0","isLinked":false},"padding_mobile":{"unit":"px","top":"0","right":"0","bottom":"0","left":"0","isLinked":true},"jedv_conditions":[{"_id":"7153bba"}]},"elements":[{"id":"27a41fbf","settings":{"jet_parallax_layout_list":[{"jet_parallax_layout_image":{"url":""},"_id":"a4df8de"}],"background_background":"classic","background_color":"#FFFFFF","padding":{"unit":"px","top":"85","right":"100","bottom":"90","left":"100","isLinked":false},"gap":"no","padding_tablet":{"unit":"px","top":"50","right":"50","bottom":"50","left":"50","isLinked":true},"padding_mobile":{"unit":"px","top":"40","right":"10","bottom":"10","left":"10","isLinked":false},"jedv_conditions":[{"_id":"6b970f7"}]},"elements":[{"id":"3c82a94e","settings":{"_column_size":100,"_inline_size":null,"space_between_widgets":0,"padding_mobile":{"unit":"px","top":"0","right":"0","bottom":"0","left":"0","isLinked":false},"jedv_conditions":[{"_id":"ca65ed8"}]},"elements":[{"id":"7953b27","settings":{"title":"Medical Staff","align":"center","title_color":"#0A3380","typography_typography":"custom","typography_font_family":"Martel Sans","typography_font_size":{"unit":"px","size":36,"sizes":[]},"typography_font_weight":"700","typography_line_height":{"unit":"px","size":46,"sizes":[]},"typography_letter_spacing":{"unit":"px","size":-0.6,"sizes":[]},"_padding":{"unit":"px","top":"0","right":"0","bottom":"5","left":"0","isLinked":false},"typography_font_size_tablet":{"unit":"px","size":24,"sizes":[]},"typography_line_height_tablet":{"unit":"px","size":34,"sizes":[]},"jedv_conditions":[{"_id":"174f0f0"}]},"elements":[],"isInner":false,"widgetType":"heading","elType":"widget"},{"id":"c9f6cb4","settings":{"not_found_message":"No data was found","lisitng_id":"201","columns":"4","posts_num":30,"horizontal_gap":{"unit":"px","size":30,"sizes":[]},"vertical_gap":{"unit":"px","size":25,"sizes":[]},"_margin":{"unit":"px","top":"0","right":"0","bottom":"0","left":"0","isLinked":false},"_padding":{"unit":"px","top":"0","right":"0","bottom":"0","left":"0","isLinked":false},"columns_mobile":"2","posts_query":[],"terms_meta_query":[],"users_meta_query":[],"jedv_conditions":[{"_id":"1e17339"}]},"elements":[],"isInner":false,"widgetType":"jet-listing-grid","elType":"widget"}],"isInner":true,"elType":"column"}],"isInner":true,"elType":"section"}],"isInner":false,"elType":"column"}],"isInner":false,"elType":"section"}],"page_settings":[],"version":"0.4","title":"Doctors Archive","type":"page"}