{"content":[{"id":"6f4d9e03","settings":{"content_width":{"unit":"px","size":900,"sizes":[]},"jet_parallax_layout_list":[{"jet_parallax_layout_image":{"url":""},"_id":"63bc404"}],"background_background":"classic","background_image":{"url":"https:\/\/demo.crocoblock.com\/medcenter\/wp-content\/uploads\/2020\/03\/bg_1.jpg","id":35},"background_position":"top center","background_repeat":"no-repeat","background_size":"cover","padding":{"unit":"px","top":"145","right":"0","bottom":"335","left":"0","isLinked":false},"jedv_conditions":[{"_id":"d12bcc8"}]},"elements":[{"id":"63bb47c6","settings":{"_column_size":100,"_inline_size":null,"space_between_widgets":0,"margin":{"unit":"%","top":"0","right":"0","bottom":"0","left":"0","isLinked":true},"jedv_conditions":[{"_id":"c53acbf"}]},"elements":[{"id":"7474581b","settings":{"title":"WE ARE A PRIVATE MEDICAL CLINIC","header_size":"h5","align":"center","title_color":"#FFFFFF","typography_typography":"custom","typography_font_family":"Martel Sans","typography_font_size":{"unit":"px","size":17,"sizes":[]},"typography_font_weight":"700","typography_text_transform":"uppercase","typography_line_height":{"unit":"px","size":20,"sizes":[]},"typography_letter_spacing":{"unit":"px","size":-0.5,"sizes":[]},"jedv_conditions":[{"_id":"af56543"}]},"elements":[],"isInner":false,"widgetType":"heading","elType":"widget"},{"id":"3dc897d0","settings":{"space":{"unit":"px","size":20,"sizes":[]},"jedv_conditions":[{"_id":"08c1df4"}]},"elements":[],"isInner":false,"widgetType":"spacer","elType":"widget"},{"id":"45f32570","settings":{"title":"Professional Medical Care for Your Entire Family","header_size":"h1","align":"center","title_color":"#FFFFFF","typography_typography":"custom","typography_font_family":"Martel Sans","typography_font_size":{"unit":"px","size":64,"sizes":[]},"typography_font_weight":"900","typography_line_height":{"unit":"px","size":70,"sizes":[]},"typography_letter_spacing":{"unit":"px","size":-1.6,"sizes":[]},"typography_font_size_tablet":{"unit":"px","size":44,"sizes":[]},"typography_line_height_tablet":{"unit":"px","size":55,"sizes":[]},"typography_font_size_mobile":{"unit":"px","size":30,"sizes":[]},"typography_line_height_mobile":{"unit":"px","size":35,"sizes":[]},"_padding_tablet":{"unit":"px","top":"0","right":"30","bottom":"0","left":"30","isLinked":false},"jedv_conditions":[{"_id":"6ea2b6e"}]},"elements":[],"isInner":false,"widgetType":"heading","elType":"widget"}],"isInner":false,"elType":"column"}],"isInner":false,"elType":"section"},{"id":"3bfcd06d","settings":{"jet_parallax_layout_list":[{"jet_parallax_layout_image":{"url":""},"_id":"73dd024"}],"background_color":"#FFFFFF","margin":{"unit":"px","top":"-260","right":0,"bottom":"0","left":0,"isLinked":false},"z_index":1,"padding_tablet":{"unit":"px","top":"0","right":"10","bottom":"0","left":"10","isLinked":false},"jedv_conditions":[{"_id":"982b07d"}]},"elements":[{"id":"3a681b5","settings":{"_column_size":100,"_inline_size":null,"space_between_widgets":0,"margin":{"unit":"px","top":"0","right":"0","bottom":"0","left":"0","isLinked":false},"padding":{"unit":"px","top":"0","right":"0","bottom":"0","left":"0","isLinked":false},"jedv_conditions":[{"_id":"0da53a6"}]},"elements":[{"id":"af4ffdd","settings":{"jet_parallax_layout_list":[{"jet_parallax_layout_image":{"url":""},"_id":"a4df8de"}],"background_background":"classic","background_color":"#FFFFFF","padding":{"unit":"px","top":"60","right":"100","bottom":"70","left":"100","isLinked":false},"margin_tablet":{"unit":"px","top":"0","right":0,"bottom":"0","left":0,"isLinked":false},"padding_tablet":{"unit":"px","top":"50","right":"50","bottom":"50","left":"50","isLinked":false},"padding_mobile":{"unit":"px","top":"20","right":"20","bottom":"20","left":"20","isLinked":true},"jedv_conditions":[{"_id":"31fd109"}]},"elements":[{"id":"6968aa28","settings":{"_column_size":100,"_inline_size":null,"space_between_widgets":0,"margin":{"unit":"px","top":"0","right":"0","bottom":"0","left":"0","isLinked":false},"padding":{"unit":"px","top":"0","right":"0","bottom":"0","left":"0","isLinked":false},"jedv_conditions":[{"_id":"b671c95"}]},"elements":[{"id":"7b2c7c36","settings":{"selected_icon":{"value":{"url":"https:\/\/demo.crocoblock.com\/medcenter\/wp-content\/uploads\/2020\/03\/medical-history-1.svg","id":39},"library":"svg"},"title_text":"Our departments and services","description_text":"","position":"left","title_size":"h2","icon_space":{"unit":"px","size":20,"sizes":[]},"icon_size":{"unit":"px","size":60,"sizes":[]},"content_vertical_alignment":"middle","title_color":"#0A3380","title_typography_typography":"custom","title_typography_font_family":"Martel Sans","title_typography_font_size":{"unit":"px","size":36,"sizes":[]},"title_typography_font_weight":"700","title_typography_line_height":{"unit":"px","size":46,"sizes":[]},"title_typography_letter_spacing":{"unit":"px","size":-1,"sizes":[]},"description_typography_typography":"custom","title_typography_font_size_tablet":{"unit":"px","size":30,"sizes":[]},"title_typography_font_size_mobile":{"unit":"px","size":25,"sizes":[]},"title_typography_line_height_mobile":{"unit":"px","size":30,"sizes":[]},"_margin":{"unit":"px","top":"0","right":"0","bottom":"0","left":"0","isLinked":false},"_padding":{"unit":"px","top":"0","right":"0","bottom":"0","left":"0","isLinked":false},"jedv_conditions":[{"_id":"123fb55"}]},"elements":[],"isInner":false,"widgetType":"icon-box","elType":"widget"},{"id":"58811bc","settings":{"space":{"unit":"px","size":25,"sizes":[]},"jedv_conditions":[{"_id":"03251ae"}]},"elements":[],"isInner":false,"widgetType":"spacer","elType":"widget"},{"id":"3a9e8afb","settings":{"lisitng_id":"177","posts_num":30,"not_found_message":"No data was found","vertical_gap":{"unit":"px","size":0,"sizes":[]},"columns_tablet":"2","columns_mobile":"1","jedv_conditions":[{"_id":"4805f58"}],"posts_query":[],"terms_meta_query":[],"users_meta_query":[]},"elements":[],"isInner":false,"widgetType":"jet-listing-grid","elType":"widget"}],"isInner":true,"elType":"column"}],"isInner":true,"elType":"section"}],"isInner":false,"elType":"column"}],"isInner":false,"elType":"section"},{"id":"57d5b7b1","settings":{"content_width":{"unit":"px","size":990,"sizes":[]},"jet_parallax_layout_list":[{"jet_parallax_layout_image":{"url":""},"_id":"f9bcd48"}],"structure":"20","background_color":"#F5F5F5","margin":{"unit":"px","top":"0","right":0,"bottom":"0","left":0,"isLinked":false},"padding":{"unit":"px","top":"90","right":"0","bottom":"0","left":"0","isLinked":false},"z_index":0,"jedv_conditions":[{"_id":"26c0df0"}]},"elements":[{"id":"78ac388c","settings":{"_column_size":50,"_inline_size":null,"align":"flex-start","space_between_widgets":0,"jedv_conditions":[{"_id":"d90434c"}]},"elements":[{"id":"4e6d50c5","settings":{"image":{"url":"https:\/\/demo.crocoblock.com\/medcenter\/wp-content\/uploads\/2020\/03\/page1_img1.jpg","id":193},"image_size":"full","align":"left","_margin":{"unit":"px","top":"0","right":"0","bottom":"0","left":"0","isLinked":false},"_padding":{"unit":"px","top":"0","right":"0","bottom":"0","left":"0","isLinked":false},"jedv_conditions":[{"_id":"63f924b"}]},"elements":[],"isInner":false,"widgetType":"image","elType":"widget"}],"isInner":false,"elType":"column"},{"id":"6abff8be","settings":{"_column_size":50,"_inline_size":null,"content_position":"center","space_between_widgets":0,"margin":{"unit":"px","top":"0","right":"10","bottom":"0","left":"5","isLinked":false},"jedv_conditions":[{"_id":"53f9fee"}]},"elements":[{"id":"3d0650ee","settings":{"selected_icon":{"value":{"url":"https:\/\/demo.crocoblock.com\/medcenter\/wp-content\/uploads\/2020\/03\/hard.svg","id":194},"library":"svg"},"align":"left","size":{"unit":"px","size":60,"sizes":[]},"_margin":{"unit":"px","top":"0","right":"0","bottom":"0","left":"0","isLinked":false},"_padding":{"unit":"px","top":"0","right":"0","bottom":"15","left":"0","isLinked":false},"_padding_tablet":{"unit":"px","top":"0","right":"0","bottom":"0","left":"0","isLinked":false},"align_mobile":"center","jedv_conditions":[{"_id":"14a26c0"}]},"elements":[],"isInner":false,"widgetType":"icon","elType":"widget"},{"id":"754f4f95","settings":{"title":"We offer extensive medical procedures for our patients.","title_color":"#0A3380","typography_typography":"custom","typography_font_family":"Martel Sans","typography_font_size":{"unit":"px","size":36,"sizes":[]},"typography_font_weight":"700","typography_line_height":{"unit":"px","size":46,"sizes":[]},"typography_letter_spacing":{"unit":"px","size":-1,"sizes":[]},"_margin":{"unit":"px","top":"0","right":"0","bottom":"10","left":"0","isLinked":false},"typography_font_size_tablet":{"unit":"px","size":26,"sizes":[]},"typography_line_height_tablet":{"unit":"px","size":36,"sizes":[]},"align_mobile":"center","typography_font_size_mobile":{"unit":"px","size":20,"sizes":[]},"typography_line_height_mobile":{"unit":"px","size":25,"sizes":[]},"jedv_conditions":[{"_id":"e212623"}]},"elements":[],"isInner":false,"widgetType":"heading","elType":"widget"},{"id":"3d558979","settings":{"editor":"If you do not have health insurance or cannot pay the fee, you can still get services. Health insurance and billing practices vary by clinic type and may depend on the patient\u2019s age, family size and income.","text_color":"#607795","typography_typography":"custom","typography_font_family":"Martel Sans","typography_font_size":{"unit":"px","size":16,"sizes":[]},"typography_font_weight":"400","typography_line_height":{"unit":"px","size":27,"sizes":[]},"_margin":{"unit":"px","top":"0","right":"0","bottom":"30","left":"0","isLinked":false},"jedv_conditions":[{"_id":"d60fa81"}]},"elements":[],"isInner":false,"widgetType":"text-editor","elType":"widget"},{"id":"771bcbc","settings":{"button_label_normal":"All departments","button_label_hover":"All departments","button_margin":{"unit":"px","top":"0","right":"0","bottom":"0","left":"0","isLinked":false},"normal_border_radius":{"unit":"px","top":"0","right":"0","bottom":"0","left":"0","isLinked":false},"button_padding":{"unit":"px","top":"18","right":"35","bottom":"15","left":"35","isLinked":false},"normal_plane_background_background":"classic","normal_plane_background_color":"#FF9E21","normal_plane_border_radius":{"unit":"px","top":"0","right":"0","bottom":"0","left":"0","isLinked":false},"plane_hover_background_background":"classic","plane_hover_background_color":"#2EA6F7","plane_hover_border_radius":{"unit":"px","top":"0","right":"0","bottom":"0","left":"0","isLinked":false},"label_text_alignment":"center","label_margin":{"unit":"px","top":"0","right":"0","bottom":"0","left":"0","isLinked":false},"normal_label_color":"#FFFFFF","normal_label_typography_typography":"custom","normal_label_typography_font_family":"Martel Sans","normal_label_typography_font_size":{"unit":"px","size":16,"sizes":[]},"normal_label_typography_font_weight":"800","normal_label_typography_text_transform":"uppercase","normal_label_typography_line_height":{"unit":"px","size":24,"sizes":[]},"hover_label_typography_typography":"custom","hover_label_typography_font_family":"Martel Sans","hover_label_typography_font_size":{"unit":"px","size":16,"sizes":[]},"hover_label_typography_font_weight":"800","hover_label_typography_text_transform":"uppercase","hover_label_typography_line_height":{"unit":"px","size":24,"sizes":[]},"button_alignment_mobile":"center","button_url":{"url":"https:\/\/demo.crocoblock.com\/medcenter\/departments\/","is_external":"","nofollow":"","custom_attributes":""},"jedv_conditions":[{"_id":"1168d7c"}]},"elements":[],"isInner":false,"widgetType":"jet-button","elType":"widget"}],"isInner":false,"elType":"column"}],"isInner":false,"elType":"section"},{"id":"6bcfcd24","settings":{"content_width":{"unit":"px","size":990,"sizes":[]},"jet_parallax_layout_list":[{"jet_parallax_layout_image":{"url":""},"_id":"8bec9e2"}],"structure":"22","background_color":"#F5F5F5","padding":{"unit":"px","top":"70","right":"0","bottom":"0","left":"0","isLinked":false},"jedv_conditions":[{"_id":"79c05ae"}]},"elements":[{"id":"1770b91f","settings":{"_column_size":66,"_inline_size":null,"space_between_widgets":0,"margin":{"unit":"px","top":"0","right":"0","bottom":"0","left":"0","isLinked":false},"padding":{"unit":"px","top":"10","right":"10","bottom":"10","left":"10","isLinked":false},"jedv_conditions":[{"_id":"feb5f10"}]},"elements":[{"id":"1f3e27e7","settings":{"title":"Medical Staff","title_color":"#0A3380","typography_typography":"custom","typography_font_family":"Martel Sans","typography_font_size":{"unit":"px","size":36,"sizes":[]},"typography_font_weight":"700","typography_line_height":{"unit":"px","size":46,"sizes":[]},"typography_letter_spacing":{"unit":"px","size":-1,"sizes":[]},"_margin":{"unit":"px","top":"0","right":"0","bottom":"0","left":"0","isLinked":false},"header_size":"span","_padding":{"unit":"px","top":"0","right":"0","bottom":"0","left":"0","isLinked":false},"typography_font_size_tablet":{"unit":"px","size":30,"sizes":[]},"typography_line_height_tablet":{"unit":"px","size":36,"sizes":[]},"align_mobile":"center","typography_font_size_mobile":{"unit":"px","size":25,"sizes":[]},"typography_line_height_mobile":{"unit":"px","size":30,"sizes":[]},"jedv_conditions":[{"_id":"a2cfb04"}]},"elements":[],"isInner":false,"widgetType":"heading","elType":"widget"}],"isInner":false,"elType":"column"},{"id":"46d5daaf","settings":{"_column_size":33,"_inline_size":null,"content_position":"center","space_between_widgets":0,"jedv_conditions":[{"_id":"b90e922"}]},"elements":[{"id":"499084ad","settings":{"selected_button_icon_normal":{"value":{"url":"https:\/\/demo.crocoblock.com\/medcenter\/wp-content\/uploads\/2020\/03\/arrow1.svg","id":208},"library":"svg"},"button_label_normal":"All Doctors","selected_button_icon_hover":{"value":{"url":"https:\/\/demo.crocoblock.com\/medcenter\/wp-content\/uploads\/2020\/03\/arrow0.svg","id":210},"library":"svg"},"button_label_hover":"All Doctors","button_icon_position":"right","button_alignment":"flex-end","button_margin":{"unit":"px","top":"0","right":"0","bottom":"0","left":"0","isLinked":false},"normal_border_radius":{"unit":"px","top":"0","right":"0","bottom":"0","left":"0","isLinked":false},"button_padding":{"unit":"px","top":"0","right":"0","bottom":"0","left":"0","isLinked":false},"normal_plane_background_background":"classic","normal_plane_background_color":"rgba(2, 1, 1, 0)","normal_plane_border_radius":{"unit":"px","top":"0","right":"0","bottom":"0","left":"0","isLinked":false},"plane_hover_background_background":"classic","plane_hover_background_color":"rgba(2, 1, 1, 0)","plane_hover_border_radius":{"unit":"px","top":"0","right":"0","bottom":"0","left":"0","isLinked":false},"normal_icon_font_size":{"unit":"px","size":16,"sizes":[]},"normal_icon_box_width":{"unit":"px","size":16,"sizes":[]},"normal_icon_box_height":{"unit":"px","size":8,"sizes":[]},"normal_icon_margin":{"unit":"px","top":"3","right":"0","bottom":"0","left":"10","isLinked":false},"normal_icon_box_border_radius":{"unit":"px","top":"0","right":"0","bottom":"0","left":"0","isLinked":false},"hover_icon_font_size":{"unit":"px","size":16,"sizes":[]},"hover_icon_box_width":{"unit":"px","size":16,"sizes":[]},"hover_icon_box_height":{"unit":"px","size":8,"sizes":[]},"hover_icon_margin":{"unit":"px","top":"3","right":"0","bottom":"0","left":"10","isLinked":false},"hover_icon_box_border_radius":{"unit":"px","top":"0","right":"0","bottom":"0","left":"0","isLinked":false},"label_margin":{"unit":"px","top":"0","right":"0","bottom":"0","left":"0","isLinked":false},"normal_label_color":"#2EA6F7","normal_label_typography_typography":"custom","normal_label_typography_font_family":"Martel Sans","normal_label_typography_font_size":{"unit":"px","size":16,"sizes":[]},"normal_label_typography_font_weight":"800","normal_label_typography_text_transform":"uppercase","normal_label_typography_line_height":{"unit":"px","size":24,"sizes":[]},"normal_label_typography_letter_spacing":{"unit":"px","size":-0.8,"sizes":[]},"hover_label_color":"#0A3380","hover_label_typography_typography":"custom","hover_label_typography_font_family":"Martel Sans","hover_label_typography_font_size":{"unit":"px","size":16,"sizes":[]},"hover_label_typography_font_weight":"800","hover_label_typography_text_transform":"uppercase","hover_label_typography_line_height":{"unit":"px","size":24,"sizes":[]},"hover_label_typography_letter_spacing":{"unit":"px","size":-0.8,"sizes":[]},"button_alignment_mobile":"center","button_url":{"url":"https:\/\/demo.crocoblock.com\/medcenter\/doctors\/","is_external":"","nofollow":"","custom_attributes":""},"_margin":{"unit":"px","top":"-2","right":"0","bottom":"0","left":"0","isLinked":false},"jedv_conditions":[{"_id":"39f089e"}]},"elements":[],"isInner":false,"widgetType":"jet-button","elType":"widget"}],"isInner":false,"elType":"column"}],"isInner":false,"elType":"section"},{"id":"63741bb7","settings":{"content_width":{"unit":"px","size":990,"sizes":[]},"jet_parallax_layout_list":[{"jet_parallax_layout_image":{"url":""},"_id":"727df4f"}],"background_color":"#F5F5F5","padding":{"unit":"px","top":"0","right":"0","bottom":"80","left":"0","isLinked":false},"jedv_conditions":[{"_id":"b903314"}]},"elements":[{"id":"60e967da","settings":{"_column_size":100,"_inline_size":null,"space_between_widgets":0,"margin":{"unit":"px","top":"0","right":"0","bottom":"0","left":"0","isLinked":false},"padding":{"unit":"px","top":"0","right":"10","bottom":"10","left":"10","isLinked":false},"jedv_conditions":[{"_id":"b2a5932"}]},"elements":[{"id":"2c87558a","settings":{"not_found_message":"No data was found","lisitng_id":"201","columns":"4","posts_num":8,"horizontal_gap":{"unit":"px","size":30,"sizes":[]},"vertical_gap":{"unit":"px","size":25,"sizes":[]},"_margin":{"unit":"px","top":"0","right":"0","bottom":"0","left":"0","isLinked":false},"_padding":{"unit":"px","top":"0","right":"0","bottom":"0","left":"0","isLinked":false},"columns_mobile":"2","jedv_conditions":[{"_id":"9d73f14"}],"posts_query":[],"terms_meta_query":[],"users_meta_query":[]},"elements":[],"isInner":false,"widgetType":"jet-listing-grid","elType":"widget"}],"isInner":false,"elType":"column"}],"isInner":false,"elType":"section"},{"id":"6d43fb86","settings":{"layout":"full_width","jet_parallax_layout_list":[{"jet_parallax_layout_image":{"url":""},"_id":"92641dd"}],"background_background":"classic","background_image":{"url":"https:\/\/demo.crocoblock.com\/medcenter\/wp-content\/uploads\/2020\/03\/bg_2.jpg","id":219},"background_position":"top center","background_attachment":"scroll","background_repeat":"no-repeat","background_size":"cover","margin":{"unit":"px","top":"0","right":0,"bottom":"-273","left":0,"isLinked":false},"padding":{"unit":"px","top":"545","right":"0","bottom":"0","left":"0","isLinked":false},"jedv_conditions":[{"_id":"41306a3"}]},"elements":[{"id":"472058a7","settings":{"_column_size":100,"_inline_size":null,"jedv_conditions":[{"_id":"9579f86"}]},"elements":[],"isInner":false,"elType":"column"}],"isInner":false,"elType":"section"},{"id":"66662928","settings":{"jet_parallax_layout_list":[{"jet_parallax_layout_image":{"url":""},"_id":"8186636"}],"z_index":1,"_element_id":"location","jedv_conditions":[{"_id":"0fde85d"}]},"elements":[{"id":"146ef967","settings":{"_column_size":100,"_inline_size":null,"margin":{"unit":"px","top":"0","right":"0","bottom":"0","left":"0","isLinked":false},"padding":{"unit":"px","top":"0","right":"0","bottom":"0","left":"0","isLinked":false},"padding_tablet":{"unit":"px","top":"10","right":"10","bottom":"10","left":"10","isLinked":false},"jedv_conditions":[{"_id":"8c8d5f3"}]},"elements":[{"id":"1258f43a","settings":{"jet_parallax_layout_list":[{"jet_parallax_layout_image":{"url":""},"_id":"a4df8de"}],"background_background":"classic","background_color":"#FFFFFF","padding":{"unit":"px","top":"65","right":"100","bottom":"70","left":"100","isLinked":false},"structure":"20","padding_tablet":{"unit":"px","top":"50","right":"50","bottom":"50","left":"50","isLinked":true},"padding_mobile":{"unit":"px","top":"20","right":"20","bottom":"20","left":"20","isLinked":true},"jedv_conditions":[{"_id":"8e61062"}]},"elements":[{"id":"69198437","settings":{"_column_size":50,"_inline_size":null,"space_between_widgets":0,"margin":{"unit":"px","top":"0","right":"0","bottom":"0","left":"0","isLinked":false},"padding":{"unit":"px","top":"0","right":"0","bottom":"0","left":"0","isLinked":false},"_inline_size_tablet":100,"align_tablet":"center","jedv_conditions":[{"_id":"a643eac"}]},"elements":[{"id":"65ec50f4","settings":{"selected_icon":{"value":{"url":"https:\/\/demo.crocoblock.com\/medcenter\/wp-content\/uploads\/2020\/03\/address2.svg","id":221},"library":"svg"},"title_text":"Find and contact us","description_text":"","position":"left","title_size":"h2","icon_space":{"unit":"px","size":20,"sizes":[]},"icon_size":{"unit":"px","size":60,"sizes":[]},"title_color":"#0A3380","title_typography_typography":"custom","title_typography_font_family":"Martel Sans","title_typography_font_size":{"unit":"px","size":36,"sizes":[]},"title_typography_font_weight":"700","title_typography_line_height":{"unit":"px","size":36,"sizes":[]},"title_typography_letter_spacing":{"unit":"px","size":-1,"sizes":[]},"description_typography_typography":"custom","title_typography_font_size_tablet":{"unit":"px","size":30,"sizes":[]},"title_typography_line_height_tablet":{"unit":"px","size":36,"sizes":[]},"text_align_mobile":"center","title_typography_font_size_mobile":{"unit":"px","size":25,"sizes":[]},"title_typography_line_height_mobile":{"unit":"px","size":30,"sizes":[]},"_element_width_tablet":"auto","jedv_conditions":[{"_id":"fc6a80e"}]},"elements":[],"isInner":false,"widgetType":"icon-box","elType":"widget"},{"id":"5fd5974a","settings":{"space":{"unit":"px","size":35,"sizes":[]},"jedv_conditions":[{"_id":"9961df6"}]},"elements":[],"isInner":false,"widgetType":"spacer","elType":"widget"},{"id":"ba132c2","settings":{"title":"Address:","header_size":"h5","title_color":"#607795","typography_typography":"custom","typography_font_family":"Martel Sans","typography_font_size":{"unit":"px","size":14,"sizes":[]},"typography_font_weight":"normal","typography_text_transform":"uppercase","typography_line_height":{"unit":"px","size":20,"sizes":[]},"_margin":{"unit":"px","top":"0","right":"0","bottom":"10","left":"0","isLinked":false},"_padding":{"unit":"px","top":"0","right":"0","bottom":"0","left":"0","isLinked":false},"align_tablet":"center","align_mobile":"center","jedv_conditions":[{"_id":"15ae227"}]},"elements":[],"isInner":false,"widgetType":"heading","elType":"widget"},{"id":"1859e189","settings":{"title":"100 Orchard St,\nNew York,<br> \nNY 10002,\nUSA","header_size":"h3","title_color":"#0A3380","typography_typography":"custom","typography_font_family":"Martel Sans","typography_font_size":{"unit":"px","size":24,"sizes":[]},"typography_line_height":{"unit":"px","size":34,"sizes":[]},"typography_font_size_tablet":{"unit":"px","size":20,"sizes":[]},"typography_line_height_tablet":{"unit":"px","size":24,"sizes":[]},"align_tablet":"center","align_mobile":"center","jedv_conditions":[{"_id":"34c5046"}]},"elements":[],"isInner":false,"widgetType":"heading","elType":"widget"},{"id":"b3ebaf7","settings":{"space":{"unit":"px","size":37,"sizes":[]},"jedv_conditions":[{"_id":"5bc25ff"}]},"elements":[],"isInner":false,"widgetType":"spacer","elType":"widget"},{"id":"54403690","settings":{"title":"Contacts:","header_size":"h5","title_color":"#607795","typography_typography":"custom","typography_font_family":"Martel Sans","typography_font_size":{"unit":"px","size":14,"sizes":[]},"typography_font_weight":"normal","typography_text_transform":"uppercase","typography_line_height":{"unit":"px","size":20,"sizes":[]},"_margin":{"unit":"px","top":"0","right":"0","bottom":"10","left":"0","isLinked":false},"_padding":{"unit":"px","top":"0","right":"0","bottom":"0","left":"0","isLinked":false},"align_tablet":"center","align_mobile":"center","jedv_conditions":[{"_id":"6da0a45"}]},"elements":[],"isInner":false,"widgetType":"heading","elType":"widget"},{"id":"2b395972","settings":{"icon_list":[{"text":"+1 800 852 3456","selected_icon":{"value":"","library":""},"_id":"5850db0","link":{"url":"tel:+18008523456","is_external":"","nofollow":"","custom_attributes":""}},{"text":"+1 800 635 9645","selected_icon":{"value":"","library":""},"link":{"url":"tel:+18006359645","is_external":"","nofollow":"","custom_attributes":""},"_id":"ca36a53"}],"space_between":{"unit":"px","size":0,"sizes":[]},"icon_size":{"unit":"px","size":16,"sizes":[]},"text_color":"#FF9E21","text_color_hover":"#0A3380","text_indent":{"unit":"px","size":0,"sizes":[]},"icon_typography_typography":"custom","icon_typography_font_family":"Martel Sans","icon_typography_font_size":{"unit":"px","size":24,"sizes":[]},"icon_typography_font_weight":"800","icon_typography_line_height":{"unit":"px","size":34,"sizes":[]},"icon_align":"left","icon_align_mobile":"center","_margin":{"unit":"px","top":"2","right":"0","bottom":"0","left":"0","isLinked":false},"icon_typography_font_size_tablet":{"unit":"px","size":20,"sizes":[]},"icon_typography_line_height_tablet":{"unit":"px","size":24,"sizes":[]},"icon_align_tablet":"center","jedv_conditions":[{"_id":"f8f4609"}]},"elements":[],"isInner":false,"widgetType":"icon-list","elType":"widget"},{"id":"7104a485","settings":{"icon_list":[{"text":"medcenter@email.com","selected_icon":{"value":"","library":""},"_id":"5850db0","link":{"url":"mailto:medcenter@email.com","is_external":"","nofollow":"","custom_attributes":""}}],"space_between":{"unit":"px","size":0,"sizes":[]},"icon_size":{"unit":"px","size":16,"sizes":[]},"text_color":"#0A3380","text_color_hover":"#FF9E21","text_indent":{"unit":"px","size":0,"sizes":[]},"icon_typography_typography":"custom","icon_typography_font_family":"Martel Sans","icon_typography_font_size":{"unit":"px","size":24,"sizes":[]},"icon_typography_font_weight":"600","icon_typography_line_height":{"unit":"px","size":34,"sizes":[]},"icon_align":"left","icon_align_mobile":"center","_margin":{"unit":"px","top":"0","right":"0","bottom":"0","left":"0","isLinked":false},"icon_typography_font_size_tablet":{"unit":"px","size":20,"sizes":[]},"icon_typography_line_height_tablet":{"unit":"px","size":24,"sizes":[]},"icon_align_tablet":"center","jedv_conditions":[{"_id":"6b85e37"}]},"elements":[],"isInner":false,"widgetType":"icon-list","elType":"widget"},{"id":"55695adb","settings":{"space":{"unit":"px","size":37,"sizes":[]},"jedv_conditions":[{"_id":"2d23aa3"}]},"elements":[],"isInner":false,"widgetType":"spacer","elType":"widget"},{"id":"7b8c32c6","settings":{"title":"Schedule:","header_size":"h5","title_color":"#607795","typography_typography":"custom","typography_font_family":"Martel Sans","typography_font_size":{"unit":"px","size":14,"sizes":[]},"typography_font_weight":"normal","typography_text_transform":"uppercase","typography_line_height":{"unit":"px","size":20,"sizes":[]},"_margin":{"unit":"px","top":"0","right":"0","bottom":"10","left":"0","isLinked":false},"_padding":{"unit":"px","top":"0","right":"0","bottom":"0","left":"0","isLinked":false},"align_tablet":"center","align_mobile":"center","jedv_conditions":[{"_id":"6567d00"}]},"elements":[],"isInner":false,"widgetType":"heading","elType":"widget"},{"id":"2e098b76","settings":{"title":"Mon- Fri: 09:00 AM - 06:00 PM<br>\nSat: 10:00 AM - 05:00 PM","header_size":"h3","title_color":"#0A3380","typography_typography":"custom","typography_font_family":"Martel Sans","typography_font_size":{"unit":"px","size":24,"sizes":[]},"typography_line_height":{"unit":"px","size":34,"sizes":[]},"typography_font_size_tablet":{"unit":"px","size":20,"sizes":[]},"typography_line_height_tablet":{"unit":"px","size":24,"sizes":[]},"align_tablet":"center","align_mobile":"center","jedv_conditions":[{"_id":"1046e08"}]},"elements":[],"isInner":false,"widgetType":"heading","elType":"widget"}],"isInner":true,"elType":"column"},{"id":"7c6a0006","settings":{"_column_size":50,"_inline_size":null,"space_between_widgets":0,"margin":{"unit":"px","top":"0","right":"0","bottom":"0","left":"0","isLinked":false},"padding":{"unit":"px","top":"0","right":"0","bottom":"0","left":"0","isLinked":false},"_inline_size_tablet":100,"jedv_conditions":[{"_id":"4cb4e5a"}]},"elements":[{"id":"4a407789","settings":{"map_center":"London Eye, London, United Kingdom","map_height":470,"pins":[{"pin_address":"London Eye, London, United Kingdom","_id":"ffbb9d9","pin_image":{"url":"https:\/\/demo.crocoblock.com\/medcenter\/wp-content\/uploads\/2020\/03\/pin-1.svg","id":232},"pin_address_lat_lng":"51.503399;-0.119519","dms_pin_address_lat_lng":"51\u00b0 30' 12.2364\" N;0\u00b0 7' 10.2684\" W"}],"_margin":{"unit":"px","top":"100","right":"0","bottom":"0","left":"0","isLinked":false},"_padding":{"unit":"px","top":"0","right":"0","bottom":"0","left":"0","isLinked":false},"zoom":{"unit":"zoom","size":15,"sizes":[]},"map_style":"\\wp-content\\plugins\\jet-elements\/assets\/js\/lib\/google-maps\/ultra-light.json","_margin_tablet":{"unit":"px","top":"50","right":"0","bottom":"0","left":"0","isLinked":false},"map_height_mobile":200,"jedv_conditions":[{"_id":"491dcb3"}],"map_center_lat_lng":"51.503399;-0.119519","map_center_dms":"51\u00b0 30' 12.2364\" N;0\u00b0 7' 10.2684\" W"},"elements":[],"isInner":false,"widgetType":"jet-map","elType":"widget"}],"isInner":true,"elType":"column"}],"isInner":true,"elType":"section"}],"isInner":false,"elType":"column"}],"isInner":false,"elType":"section"}],"page_settings":{"hide_title":"yes","background_background":"classic","background_color":"#F5F5F5"},"version":"0.4","title":"Home Jet Bookings","type":"page"}