{"content":[{"id":"6f4d4e74","settings":{"content_width":{"unit":"px","size":1170,"sizes":[]},"jet_parallax_layout_list":[{"jet_parallax_layout_image":{"url":""},"_id":"49c98e0"}],"structure":"20","margin":{"unit":"px","top":"140","right":0,"bottom":"0","left":0,"isLinked":false},"padding":{"unit":"px","top":"0","right":"0","bottom":"0","left":"0","isLinked":false},"jedv_conditions":[{"_id":"a78a4eb"}]},"elements":[{"id":"472139ab","settings":{"_column_size":50,"_inline_size":null,"space_between_widgets":0,"background_background":"classic","background_color":"#FFFFFF","padding":{"unit":"px","top":"0","right":"0","bottom":"0","left":"100","isLinked":false},"padding_tablet":{"unit":"px","top":"0","right":"0","bottom":"0","left":"20","isLinked":false},"padding_mobile":{"unit":"px","top":"0","right":"0","bottom":"0","left":"0","isLinked":false},"jedv_conditions":[{"_id":"781e959"}]},"elements":[{"id":"19d4b02","settings":{"image_border_radius":{"unit":"px","top":"0","right":"0","bottom":"0","left":"0","isLinked":false},"_margin":{"unit":"px","top":"-40","right":"0","bottom":"0","left":"0","isLinked":false},"_padding":{"unit":"px","top":"0","right":"0","bottom":"0","left":"0","isLinked":false},"jedv_conditions":[{"_id":"f3682fa"}]},"elements":[],"isInner":false,"widgetType":"jet-listing-dynamic-image","elType":"widget"}],"isInner":false,"elType":"column"},{"id":"67424249","settings":{"_column_size":50,"_inline_size":null,"space_between_widgets":0,"background_background":"classic","background_color":"#FFFFFF","margin":{"unit":"px","top":"0","right":"0","bottom":"0","left":"0","isLinked":false},"padding":{"unit":"px","top":"70","right":"100","bottom":"0","left":"20","isLinked":false},"padding_tablet":{"unit":"px","top":"70","right":"30","bottom":"0","left":"30","isLinked":false},"color_link":"#607795","color_link_hover":"#FF9E21","jedv_conditions":[{"_id":"133d7a5"}]},"elements":[{"id":"12241597","settings":{"dynamic_excerpt_more":"...","date_format":"F j, Y","num_dec_point":".","num_thousands_sep":",","multiselect_delimiter":", ","dynamic_field_format":"%s","field_color":"#0A3380","field_typography_typography":"custom","field_typography_font_family":"Martel Sans","field_typography_font_size":{"unit":"px","size":36,"sizes":[]},"field_typography_font_weight":"700","field_typography_line_height":{"unit":"px","size":46,"sizes":[]},"field_typography_letter_spacing":{"unit":"px","size":-0.6,"sizes":[]},"_margin":{"unit":"px","top":"0","right":"0","bottom":"0","left":"0","isLinked":false},"_padding":{"unit":"px","top":"0","right":"0","bottom":"5","left":"0","isLinked":false},"field_typography_font_size_tablet":{"unit":"px","size":30,"sizes":[]},"field_typography_font_size_mobile":{"unit":"px","size":25,"sizes":[]},"field_typography_line_height_tablet":{"unit":"px","size":40,"sizes":[]},"field_typography_line_height_mobile":{"unit":"px","size":35,"sizes":[]},"jedv_conditions":[{"_id":"b059df0"}]},"elements":[],"isInner":false,"widgetType":"jet-listing-dynamic-field","elType":"widget"},{"id":"39f42e63","settings":{"first_part":"Specialty:","second_part":"Element","header_size":"span","instance_alignment_horizontal":"flex-start","instance_padding":{"unit":"px","top":"0","right":"0","bottom":"0","left":"0","isLinked":false},"instance_margin":{"unit":"px","top":"0","right":"0","bottom":"0","left":"0","isLinked":false},"instance_border_radius":{"unit":"px","top":"0","right":"0","bottom":"0","left":"0","isLinked":false},"first_color":"#0A3380","first_typography_typography":"custom","first_typography_font_family":"Martel Sans","first_typography_font_size":{"unit":"px","size":14,"sizes":[]},"first_typography_font_weight":"700","first_typography_line_height":{"unit":"px","size":34,"sizes":[]},"second_color":"#FF9E21","second_typography_typography":"custom","second_typography_font_family":"Martel Sans","second_typography_font_size":{"unit":"px","size":14,"sizes":[]},"second_typography_font_weight":"normal","second_typography_line_height":{"unit":"px","size":34,"sizes":[]},"__dynamic__":{"second_part":"[elementor-tag id=\"0b65f6f\" name=\"jet-post-custom-field\" settings=\"%7B%22meta_field%22%3A%22_specialty%22%7D\"]"},"jedv_conditions":[{"_id":"7055d28"}]},"elements":[],"isInner":false,"widgetType":"jet-headline","elType":"widget"},{"id":"7603a603","settings":{"first_part":"Expertise:","second_part":"Element","header_size":"span","instance_alignment_horizontal":"flex-start","instance_padding":{"unit":"px","top":"0","right":"0","bottom":"0","left":"0","isLinked":false},"instance_margin":{"unit":"px","top":"0","right":"0","bottom":"0","left":"0","isLinked":false},"instance_border_radius":{"unit":"px","top":"0","right":"0","bottom":"0","left":"0","isLinked":false},"first_color":"#0A3380","first_typography_typography":"custom","first_typography_font_family":"Martel Sans","first_typography_font_size":{"unit":"px","size":14,"sizes":[]},"first_typography_font_weight":"700","first_typography_line_height":{"unit":"px","size":34,"sizes":[]},"second_color":"#607795","second_typography_typography":"custom","second_typography_font_family":"Martel Sans","second_typography_font_size":{"unit":"px","size":14,"sizes":[]},"second_typography_font_weight":"normal","second_typography_line_height":{"unit":"px","size":34,"sizes":[]},"second_padding":{"unit":"px","top":"0","right":"0","bottom":"0","left":"0","isLinked":false},"second_margin":{"unit":"px","top":"0","right":"0","bottom":"0","left":"0","isLinked":false},"second_border_radius":{"unit":"px","top":"0","right":"0","bottom":"0","left":"0","isLinked":false},"__dynamic__":{"second_part":"[elementor-tag id=\"0b65f6f\" name=\"jet-post-custom-field\" settings=\"%7B%22meta_field%22%3A%22_expertise%22%7D\"]"},"jedv_conditions":[{"_id":"3a0bb60"}]},"elements":[],"isInner":false,"widgetType":"jet-headline","elType":"widget"},{"id":"53c6cf8c","settings":{"first_part":"Length of Work:","second_part":"Element","header_size":"span","instance_alignment_horizontal":"flex-start","instance_padding":{"unit":"px","top":"0","right":"0","bottom":"0","left":"0","isLinked":false},"instance_margin":{"unit":"px","top":"0","right":"0","bottom":"0","left":"0","isLinked":false},"instance_border_radius":{"unit":"px","top":"0","right":"0","bottom":"0","left":"0","isLinked":false},"first_color":"#0A3380","first_typography_typography":"custom","first_typography_font_family":"Martel Sans","first_typography_font_size":{"unit":"px","size":14,"sizes":[]},"first_typography_font_weight":"700","first_typography_line_height":{"unit":"px","size":34,"sizes":[]},"second_color":"#607795","second_typography_typography":"custom","second_typography_font_family":"Martel Sans","second_typography_font_size":{"unit":"px","size":14,"sizes":[]},"second_typography_font_weight":"normal","second_typography_line_height":{"unit":"px","size":34,"sizes":[]},"second_padding":{"unit":"px","top":"0","right":"0","bottom":"0","left":"0","isLinked":false},"second_margin":{"unit":"px","top":"0","right":"0","bottom":"0","left":"0","isLinked":false},"second_border_radius":{"unit":"px","top":"0","right":"0","bottom":"0","left":"0","isLinked":false},"__dynamic__":{"second_part":"[elementor-tag id=\"0b65f6f\" name=\"jet-post-custom-field\" settings=\"%7B%22meta_field%22%3A%22_length-of-work%22%7D\"]"},"jedv_conditions":[{"_id":"1151772"}]},"elements":[],"isInner":false,"widgetType":"jet-headline","elType":"widget"},{"id":"7adbdc3c","settings":{"title":"E-mail:","header_size":"span","_element_width":"auto","_element_custom_width":{"unit":"px","size":224,"sizes":[]},"title_color":"#0A3380","typography_typography":"custom","typography_font_family":"Martel Sans","typography_font_size":{"unit":"px","size":14,"sizes":[]},"typography_font_weight":"700","typography_line_height":{"unit":"px","size":34,"sizes":[]},"_padding":{"unit":"px","top":"0","right":"5","bottom":"0","left":"0","isLinked":false},"jedv_conditions":[{"_id":"d083ccb"}]},"elements":[],"isInner":false,"widgetType":"heading","elType":"widget"},{"id":"500d73","settings":{"dynamic_field_source":"meta","dynamic_excerpt_more":"...","dynamic_field_post_meta":"_e-mail","date_format":"F j, Y","num_dec_point":".","num_thousands_sep":",","multiselect_delimiter":", ","dynamic_field_custom":"yes","dynamic_field_format":"<a href=\"mailto:%1$s\">%1$s<\/a>","_element_width":"initial","_element_custom_width":{"unit":"px","size":194,"sizes":[]},"field_color":"#607795","field_typography_typography":"custom","field_typography_font_family":"Martel Sans","field_typography_font_size":{"unit":"px","size":14,"sizes":[]},"field_typography_font_weight":"normal","field_typography_line_height":{"unit":"px","size":34,"sizes":[]},"jedv_conditions":[{"_id":"cdee5be"}]},"elements":[],"isInner":false,"widgetType":"jet-listing-dynamic-field","elType":"widget"},{"id":"efc31af","settings":{"text":"Divider","color":"#FFFFFF","weight":{"unit":"px","size":0,"sizes":[]},"gap":{"unit":"px","size":0,"sizes":[]},"jedv_conditions":[{"_id":"67e113a"}]},"elements":[],"isInner":false,"widgetType":"divider","elType":"widget"},{"id":"1f5f63fa","settings":{"title":"Phone:","header_size":"span","_element_width":"auto","_element_custom_width":{"unit":"px","size":224,"sizes":[]},"title_color":"#0A3380","typography_typography":"custom","typography_font_family":"Martel Sans","typography_font_size":{"unit":"px","size":14,"sizes":[]},"typography_font_weight":"700","typography_line_height":{"unit":"px","size":34,"sizes":[]},"_padding":{"unit":"px","top":"0","right":"5","bottom":"0","left":"0","isLinked":false},"jedv_conditions":[{"_id":"676706b"}]},"elements":[],"isInner":false,"widgetType":"heading","elType":"widget"},{"id":"3a3d9c89","settings":{"dynamic_field_source":"meta","dynamic_excerpt_more":"...","dynamic_field_post_meta":"_phone","date_format":"F j, Y","num_dec_point":".","num_thousands_sep":",","multiselect_delimiter":", ","dynamic_field_custom":"yes","dynamic_field_format":"<a href=\"tel:%1$s\">%1$s<\/a>","_element_width":"initial","_element_custom_width":{"unit":"px","size":194,"sizes":[]},"field_color":"#607795","field_typography_typography":"custom","field_typography_font_family":"Martel Sans","field_typography_font_size":{"unit":"px","size":14,"sizes":[]},"field_typography_font_weight":"normal","field_typography_line_height":{"unit":"px","size":34,"sizes":[]},"jedv_conditions":[{"_id":"2b142d3"}]},"elements":[],"isInner":false,"widgetType":"jet-listing-dynamic-field","elType":"widget"},{"id":"2f8d7048","settings":{"space":{"unit":"px","size":48,"sizes":[]},"jedv_conditions":[{"_id":"ebcf83f"}]},"elements":[],"isInner":false,"widgetType":"spacer","elType":"widget"},{"id":"70d511fb","settings":{"title":"Certificates","header_size":"h4","title_color":"#0A3380","typography_typography":"custom","typography_font_family":"Martel Sans","typography_font_size":{"unit":"px","size":20,"sizes":[]},"typography_font_weight":"700","typography_line_height":{"unit":"px","size":30,"sizes":[]},"typography_letter_spacing":{"unit":"px","size":-0.6,"sizes":[]},"_margin":{"unit":"px","top":"0","right":"0","bottom":"0","left":"0","isLinked":false},"_padding":{"unit":"px","top":"0","right":"0","bottom":"12","left":"0","isLinked":false},"jedv_conditions":[{"_id":"20ba19f"}]},"elements":[],"isInner":false,"widgetType":"heading","elType":"widget"},{"id":"796d53d6","settings":{"dynamic_field_source":"meta","dynamic_excerpt_more":"...","dynamic_field_post_meta":"_certificates","dynamic_field_filter":"yes","filter_callback":"jet_engine_img_gallery_grid","date_format":"F j, Y","num_dec_point":".","num_thousands_sep":",","multiselect_delimiter":", ","img_columns":"4","img_gallery_lightbox":"yes","dynamic_field_format":"%s","field_padding":{"unit":"px","top":"0","right":"0","bottom":"0","left":"0","isLinked":false},"field_margin":{"unit":"px","top":"0","right":"0","bottom":"0","left":"0","isLinked":false},"field_border_radius":{"unit":"px","top":"0","right":"0","bottom":"0","left":"0","isLinked":false},"img_gallery_gap":{"unit":"px","size":15,"sizes":[]},"img_icon_color":"#0A3380","img_columns_tablet":"2","jedv_conditions":[{"_id":"350396a"}]},"elements":[],"isInner":false,"widgetType":"jet-listing-dynamic-field","elType":"widget"}],"isInner":false,"elType":"column"}],"isInner":false,"elType":"section"},{"id":"313f62a4","settings":{"content_width":{"unit":"px","size":1170,"sizes":[]},"jet_parallax_layout_list":[{"jet_parallax_layout_image":{"url":""},"_id":"49c98e0"}],"structure":"20","margin":{"unit":"px","top":"0","right":0,"bottom":"0","left":0,"isLinked":true},"padding":{"unit":"px","top":"0","right":"0","bottom":"0","left":"0","isLinked":false},"jedv_conditions":[{"_id":"862ea40"}]},"elements":[{"id":"1907a2bd","settings":{"_column_size":50,"_inline_size":null,"space_between_widgets":0,"background_background":"classic","background_color":"#FFFFFF","padding":{"unit":"px","top":"65","right":"0","bottom":"75","left":"100","isLinked":false},"padding_tablet":{"unit":"px","top":"65","right":"10","bottom":"75","left":"30","isLinked":false},"padding_mobile":{"unit":"px","top":"65","right":"10","bottom":"35","left":"30","isLinked":false},"jedv_conditions":[{"_id":"d6ee243"}]},"elements":[{"id":"1d29e91","settings":{"title":"Specialisation","header_size":"h4","title_color":"#0A3380","typography_typography":"custom","typography_font_family":"Martel Sans","typography_font_size":{"unit":"px","size":20,"sizes":[]},"typography_font_weight":"700","typography_line_height":{"unit":"px","size":30,"sizes":[]},"typography_letter_spacing":{"unit":"px","size":-0.6,"sizes":[]},"_margin":{"unit":"px","top":"0","right":"0","bottom":"0","left":"0","isLinked":false},"_padding":{"unit":"px","top":"0","right":"0","bottom":"7","left":"0","isLinked":false},"jedv_conditions":[{"_id":"3ff8ef5"}]},"elements":[],"isInner":false,"widgetType":"heading","elType":"widget"},{"id":"1321d789","settings":{"not_found_message":"No data was found","lisitng_id":"706","columns":"1","posts_num":10,"horizontal_gap":{"unit":"px","size":0,"sizes":[]},"vertical_gap":{"unit":"px","size":15,"sizes":[]},"jedv_conditions":[{"_id":"40431a0"}],"posts_query":[],"terms_meta_query":[],"users_meta_query":[]},"elements":[],"isInner":false,"widgetType":"jet-listing-grid","elType":"widget"}],"isInner":false,"elType":"column"},{"id":"34aff259","settings":{"_column_size":50,"_inline_size":null,"space_between_widgets":0,"background_background":"classic","background_color":"#FFFFFF","margin":{"unit":"px","top":"0","right":"0","bottom":"0","left":"0","isLinked":false},"padding":{"unit":"px","top":"65","right":"90","bottom":"75","left":"20","isLinked":false},"padding_tablet":{"unit":"px","top":"65","right":"30","bottom":"75","left":"30","isLinked":false},"padding_mobile":{"unit":"px","top":"35","right":"30","bottom":"45","left":"30","isLinked":false},"jedv_conditions":[{"_id":"7cbfd11"}]},"elements":[{"id":"3668b4ed","settings":{"title":"Career Guidelines","header_size":"h4","title_color":"#0A3380","typography_typography":"custom","typography_font_family":"Martel Sans","typography_font_size":{"unit":"px","size":20,"sizes":[]},"typography_font_weight":"700","typography_line_height":{"unit":"px","size":30,"sizes":[]},"typography_letter_spacing":{"unit":"px","size":-0.6,"sizes":[]},"_margin":{"unit":"px","top":"0","right":"0","bottom":"0","left":"0","isLinked":false},"_padding":{"unit":"px","top":"0","right":"0","bottom":"15","left":"0","isLinked":false},"jedv_conditions":[{"_id":"9369f66"}]},"elements":[],"isInner":false,"widgetType":"heading","elType":"widget"},{"id":"31990c1b","settings":{"dynamic_field_post_object":"post_content","dynamic_excerpt_more":"...","dynamic_field_post_meta":"relation_0dfcc547b0bf112ca82ef95a8a9047eb","date_format":"F j, Y","num_dec_point":".","num_thousands_sep":",","multiselect_delimiter":", ","dynamic_field_format":"%s","field_color":"#607795","field_typography_typography":"custom","field_typography_font_family":"Martel Sans","field_typography_font_size":{"unit":"px","size":14,"sizes":[]},"field_typography_font_weight":"normal","field_typography_line_height":{"unit":"px","size":24,"sizes":[]},"jedv_conditions":[{"_id":"d7a98c0"}]},"elements":[],"isInner":false,"widgetType":"jet-listing-dynamic-field","elType":"widget"}],"isInner":false,"elType":"column"}],"isInner":false,"elType":"section"},{"id":"3570dadd","settings":{"content_width":{"unit":"px","size":1170,"sizes":[]},"jet_parallax_layout_list":[{"jet_parallax_layout_image":{"url":""},"_id":"49c98e0"}],"margin":{"unit":"px","top":"0","right":0,"bottom":"0","left":0,"isLinked":true},"padding":{"unit":"px","top":"0","right":"0","bottom":"0","left":"0","isLinked":false},"jedv_conditions":[{"_id":"77167d2"}]},"elements":[{"id":"14e6421b","settings":{"_column_size":100,"_inline_size":null,"space_between_widgets":0,"background_background":"classic","background_color":"#FFFFFF","margin":{"unit":"px","top":"0","right":"0","bottom":"0","left":"0","isLinked":false},"padding":{"unit":"px","top":"0","right":"100","bottom":"0","left":"100","isLinked":false},"margin_mobile":{"unit":"px","top":"0","right":"0","bottom":"0","left":"0","isLinked":false},"padding_mobile":{"unit":"px","top":"10","right":"10","bottom":"10","left":"10","isLinked":true},"jedv_conditions":[{"_id":"05696f2"}]},"elements":[{"id":"6e2e5490","settings":{"jet_parallax_layout_list":[{"jet_parallax_layout_image":{"url":""},"_id":"2a677ec"}],"border_border":"solid","border_width":{"unit":"px","top":"1","right":"0","bottom":"0","left":"0","isLinked":false},"border_color":"#D6DFEC","padding":{"unit":"px","top":"90","right":"0","bottom":"0","left":"0","isLinked":false},"padding_mobile":{"unit":"px","top":"40","right":"0","bottom":"20","left":"0","isLinked":false},"jedv_conditions":[{"_id":"d3cc55b"}]},"elements":[{"id":"4b41aa2b","settings":{"_column_size":100,"_inline_size":null,"align":"center","space_between_widgets":0,"border_width":{"unit":"px","top":"0","right":"0","bottom":"0","left":"0","isLinked":false},"border_radius":{"unit":"px","top":"0","right":"0","bottom":"0","left":"0","isLinked":false},"margin":{"unit":"px","top":"0","right":"0","bottom":"0","left":"0","isLinked":false},"padding":{"unit":"px","top":"0","right":"0","bottom":"0","left":"0","isLinked":false},"jedv_conditions":[{"_id":"3773501"}]},"elements":[{"id":"4a57d6d7","settings":{"title":"Make an Appointment","align":"center","title_color":"#0A3380","typography_typography":"custom","typography_font_family":"Martel Sans","typography_font_size":{"unit":"px","size":36,"sizes":[]},"typography_font_weight":"700","typography_line_height":{"unit":"px","size":36,"sizes":[]},"_margin":{"unit":"px","top":"0","right":"0","bottom":"0","left":"0","isLinked":false},"_padding":{"unit":"px","top":"0","right":"0","bottom":"15","left":"0","isLinked":false},"typography_font_size_tablet":{"unit":"px","size":30,"sizes":[]},"typography_font_size_mobile":{"unit":"px","size":24,"sizes":[]},"typography_line_height_tablet":{"unit":"px","size":40,"sizes":[]},"typography_line_height_mobile":{"unit":"px","size":34,"sizes":[]},"typography_letter_spacing":{"unit":"px","size":-1,"sizes":[]},"jedv_conditions":[{"_id":"5c41fdb"}]},"elements":[],"isInner":false,"widgetType":"heading","elType":"widget"},{"id":"74587c5f","settings":{"editor":"Do not put off until tomorrow the problems that need to be addressed today, especially if it concerns your health!","align":"center","text_color":"#607795","typography_typography":"custom","typography_font_family":"Martel Sans","typography_font_size":{"unit":"px","size":14,"sizes":[]},"typography_line_height":{"unit":"px","size":24,"sizes":[]},"text_columns":"1","column_gap":{"unit":"px","size":0,"sizes":[]},"_element_width":"initial","_element_custom_width":{"unit":"%","size":50,"sizes":[]},"_margin_tablet":{"unit":"px","top":"0","right":"0","bottom":"0","left":"0","isLinked":false},"_padding_tablet":{"unit":"px","top":"0","right":"0","bottom":"0","left":"0","isLinked":false},"_element_width_tablet":"inherit","jedv_conditions":[{"_id":"cc84e24"}]},"elements":[],"isInner":false,"widgetType":"text-editor","elType":"widget"}],"isInner":true,"elType":"column"}],"isInner":true,"elType":"section"},{"id":"6a35ac27","settings":{"jet_parallax_layout_list":[{"jet_parallax_layout_image":{"url":""},"_id":"2a677ec"}],"border_width":{"unit":"px","top":"0","right":"0","bottom":"0","left":"0","isLinked":false},"padding":{"unit":"px","top":"0","right":"0","bottom":"100","left":"0","isLinked":false},"content_width":{"unit":"px","size":560,"sizes":[]},"jedv_conditions":[{"_id":"14919ee"}]},"elements":[{"id":"7eadbeaf","settings":{"_column_size":100,"_inline_size":null,"align":"center","space_between_widgets":0,"border_width":{"unit":"px","top":"0","right":"0","bottom":"0","left":"0","isLinked":false},"border_radius":{"unit":"px","top":"0","right":"0","bottom":"0","left":"0","isLinked":false},"margin":{"unit":"px","top":"0","right":"0","bottom":"0","left":"0","isLinked":false},"padding":{"unit":"px","top":"0","right":"0","bottom":"0","left":"0","isLinked":false},"jedv_conditions":[{"_id":"f37af1c"}]},"elements":[{"id":"7bdf5ae3","settings":{"_form_id":"801","required_mark":"","submit_type":"ajax","rows_gap":{"unit":"px","size":0,"sizes":[]},"cols_gap":{"unit":"px","size":0,"sizes":[]},"labels_typography_typography":"custom","labels_typography_font_family":"Martel Sans","labels_typography_font_size":{"unit":"px","size":24,"sizes":[]},"labels_typography_font_weight":"700","labels_typography_line_height":{"unit":"px","size":44,"sizes":[]},"labels_color":"#0A3380","labels_gap":{"unit":"px","top":"0","right":"0","bottom":"15","left":"50","isLinked":false},"booking_form_next_page_color":"#FFFFFF","booking_form_next_page_typography_typography":"custom","booking_form_next_page_typography_font_family":"Martel Sans","booking_form_next_page_typography_font_size":{"unit":"px","size":16,"sizes":[]},"booking_form_next_page_typography_font_weight":"800","booking_form_next_page_typography_text_transform":"uppercase","booking_form_next_page_typography_line_height":{"unit":"px","size":24,"sizes":[]},"_margin":{"unit":"px","top":"0","right":"0","bottom":"0","left":"0","isLinked":false},"_padding":{"unit":"px","top":"0","right":"0","bottom":"0","left":"0","isLinked":false},"booking_form_submit_bg_color":"#FF9E21","booking_form_submit_color":"#FFFFFF","booking_form_submit_typography_typography":"custom","booking_form_submit_typography_font_family":"Martel Sans","booking_form_submit_typography_font_size":{"unit":"px","size":16,"sizes":[]},"booking_form_submit_typography_font_weight":"800","booking_form_submit_typography_text_transform":"uppercase","booking_form_submit_typography_line_height":{"unit":"px","size":30,"sizes":[]},"booking_form_submit_padding":{"unit":"px","top":"15","right":"30","bottom":"12","left":"30","isLinked":false},"booking_form_submit_alignment":"stretch","booking_form_next_page_bg_color":"#0A3380","booking_form_next_page_bg_color_hover":"#FF9E21","booking_form_next_page_color_hover":"#FFFFFF","booking_form_next_page_padding":{"unit":"px","top":"18","right":"50","bottom":"15","left":"50","isLinked":false},"booking_form_next_page_margin":{"unit":"%","top":"0","right":"0","bottom":"0","left":"140","isLinked":false},"booking_form_next_page_border_radius":{"unit":"px","top":"0","right":"0","bottom":"0","left":"0","isLinked":false},"booking_form_prev_page_bg_color":"rgba(2, 1, 1, 0)","booking_form_prev_page_color":"#607795","booking_form_prev_page_bg_color_hover":"rgba(2, 1, 1, 0)","booking_form_prev_page_color_hover":"#FF9E21","booking_form_prev_page_typography_typography":"custom","booking_form_prev_page_typography_font_family":"Martel Sans","booking_form_prev_page_typography_font_size":{"unit":"px","size":16,"sizes":[]},"booking_form_prev_page_typography_font_weight":"800","booking_form_prev_page_typography_text_transform":"uppercase","booking_form_prev_page_typography_line_height":{"unit":"px","size":24,"sizes":[]},"booking_form_prev_page_padding":{"unit":"px","top":"0","right":"0","bottom":"0","left":"0","isLinked":false},"booking_form_prev_page_margin":{"unit":"px","top":"0","right":"50","bottom":"0","left":"0","isLinked":false},"booking_form_prev_page_border_radius":{"unit":"px","top":"0","right":"0","bottom":"0","left":"0","isLinked":false},"labels_typography_font_size_mobile":{"unit":"px","size":18,"sizes":[]},"labels_typography_line_height_mobile":{"unit":"px","size":30,"sizes":[]},"labels_gap_mobile":{"unit":"px","top":"0","right":"0","bottom":"15","left":"15","isLinked":false},"fields_typography_typography":"custom","fields_typography_font_family":"Martel Sans","fields_typography_font_size":{"unit":"px","size":16,"sizes":[]},"fields_typography_font_weight":"400","fields_color":"#607795","fields_placeholder_color":"#607795","fields_padding":{"unit":"px","top":"14","right":"10","bottom":"13","left":"20","isLinked":false},"fields_padding_mobile":{"unit":"px","top":"10","right":"10","bottom":"10","left":"10","isLinked":true},"fields_margin":{"unit":"px","top":"5","right":"50","bottom":"5","left":"50","isLinked":false},"fields_margin_mobile":{"unit":"px","top":"5","right":"15","bottom":"5","left":"15","isLinked":false},"fields_border_border":"solid","fields_border_width":{"unit":"px","top":"1","right":"1","bottom":"1","left":"1","isLinked":true},"fields_border_color":"#D6DFEC","fields_border_radius":{"unit":"px","top":"0","right":"0","bottom":"0","left":"0","isLinked":false},"calc_fields_typography_typography":"custom","calc_fields_typography_font_family":"Martel Sans","calc_fields_typography_font_size":{"unit":"px","size":20,"sizes":[]},"calc_fields_typography_font_weight":"600","calc_fields_typography_text_transform":"uppercase","calc_fields_typography_line_height":{"unit":"px","size":20,"sizes":[]},"calc_fields_color":"#0A3380","calc_fields_prefix_size":{"unit":"px","size":20,"sizes":[]},"calc_fields_margin":{"unit":"px","top":"20","right":"0","bottom":"20","left":"50","isLinked":false},"calc_fields_border_radius":{"unit":"px","top":"0","right":"0","bottom":"0","left":"00","isLinked":false},"field_heading_typography_typography":"custom","field_heading_typography_font_family":"Martel Sans","field_heading_typography_font_size":{"unit":"px","size":24,"sizes":[]},"field_heading_typography_font_size_tablet":{"unit":"px","size":20,"sizes":[]},"field_heading_typography_font_size_mobile":{"unit":"px","size":18,"sizes":[]},"field_heading_typography_font_weight":"700","field_heading_typography_line_height":{"unit":"px","size":44,"sizes":[]},"field_heading_typography_line_height_tablet":{"unit":"px","size":34,"sizes":[]},"field_heading_typography_line_height_mobile":{"unit":"px","size":30,"sizes":[]},"fields_heading_color":"#0A3380","fields_heading_gap":{"unit":"px","top":"30","right":"0","bottom":"10","left":"50","isLinked":false},"fields_heading_gap_mobile":{"unit":"px","top":"0","right":"0","bottom":"0","left":"15","isLinked":false},"apb_calendar_width":{"unit":"px","size":460,"sizes":[]},"apb_calendar_padding":{"unit":"px","top":"10","right":"20","bottom":"10","left":"20","isLinked":false},"apb_calendar_margin":{"unit":"px","top":"5","right":"50","bottom":"50","left":"50","isLinked":false},"apb_calendar_margin_mobile":{"unit":"px","top":"20","right":"15","bottom":"20","left":"15","isLinked":false},"apb_calendar_box_shadow_box_shadow_type":"yes","apb_calendar_box_shadow_box_shadow":{"horizontal":0,"vertical":3,"blur":8,"spread":0,"color":"rgba(10, 51, 128, 0.1)"},"apb_header_color":"#607795","apb_header_typography_typography":"custom","apb_header_typography_font_family":"Martel Sans","apb_header_typography_font_size":{"unit":"px","size":20,"sizes":[]},"apb_header_typography_font_size_mobile":{"unit":"px","size":15,"sizes":[]},"apb_header_typography_font_weight":"600","apb_header_typography_line_height":{"unit":"px","size":20,"sizes":[]},"apb_header_arrow_color":"#607795","apb_header_arrow_color_hover":"#FF9E21","apb_weekdays_typography_typography":"custom","apb_weekdays_typography_font_family":"Martel Sans","apb_weekdays_typography_font_size":{"unit":"px","size":12,"sizes":[]},"apb_weekdays_typography_font_weight":"600","apb_weekdays_typography_text_transform":"uppercase","apb_weekdays_typography_line_height":{"unit":"px","size":16,"sizes":[]},"apb_weekdays_color":"#2EA6F7","apb_weekdays_dates_typography_typography":"custom","apb_weekdays_dates_typography_font_family":"Martel Sans","apb_weekdays_dates_typography_font_size":{"unit":"px","size":16,"sizes":[]},"apb_weekdays_dates_typography_font_weight":"600","apb_weekdays_dates_typography_line_height":{"unit":"px","size":24,"sizes":[]},"apb_weekdays_dates_color":"#0A3380","apb_weekdays_dates_color_hover":"#FF9E21","apb_weekdays_dates_color_active":"#0A3380","apb_weekdays_dates_color_today":"#0A3380","apb_weekdays_dates_vertical_gap":{"unit":"px","size":20,"sizes":[]},"apb_slots_container_padding":{"unit":"px","top":"30","right":"0","bottom":"10","left":"0","isLinked":false},"apb_slots_typography_typography":"custom","apb_slots_typography_font_family":"Martel Sans","apb_slots_typography_font_size":{"unit":"px","size":14,"sizes":[]},"apb_slots_typography_font_weight":"400","apb_slots_typography_line_height":{"unit":"px","size":20,"sizes":[]},"apb_slots_color":"#607795","apb_slots_color_hover":"#FF9E21","apb_slots_border_color_hover":"#FF9E21","apb_slots_padding":{"unit":"px","top":"6","right":"10","bottom":"4","left":"10","isLinked":false},"apb_slots_margin":{"unit":"px","top":"5","right":"5","bottom":"5","left":"5","isLinked":true},"apb_slots_border_border":"solid","apb_slots_border_width":{"unit":"px","top":"1","right":"1","bottom":"1","left":"1","isLinked":true},"apb_slots_border_color":"#D6DFEC","apb_slots_close_color":"#0A3380","apb_slots_close_color_hover":"#FF9E21","apb_slots_close_vp":{"unit":"px","size":0,"sizes":[]},"apb_slots_close_hp":{"unit":"px","size":0,"sizes":[]},"booking_form_submit_bg_color_hover":"#0A3380","booking_form_submit_padding_mobile":{"unit":"px","top":"10","right":"15","bottom":"10","left":"15","isLinked":false},"booking_form_submit_margin":{"unit":"px","top":"5","right":"50","bottom":"5","left":"50","isLinked":false},"booking_form_submit_margin_mobile":{"unit":"px","top":"5","right":"15","bottom":"5","left":"15","isLinked":false},"booking_form_submit_border_radius":{"unit":"px","top":"0","right":"0","bottom":"0","left":"0","isLinked":false},"booking_form_next_page_typography_font_size_mobile":{"unit":"px","size":12,"sizes":[]},"booking_form_next_page_margin_mobile":{"unit":"px","top":"0","right":"0","bottom":"40","left":"15","isLinked":false},"booking_form_prev_page_typography_font_size_mobile":{"unit":"px","size":12,"sizes":[]},"booking_form_prev_page_margin_mobile":{"unit":"px","top":"0","right":"15","bottom":"0","left":"0","isLinked":false},"booking_messages_typography_typography":"custom","booking_messages_typography_font_family":"Martel Sans","booking_messages_typography_font_size":{"unit":"px","size":12,"sizes":[]},"booking_messages_typography_font_weight":"500","booking_messages_border_radius":{"unit":"px","top":"0","right":"0","bottom":"0","left":"0","isLinked":false},"booking_messages_margin":{"unit":"px","top":"0","right":"0","bottom":"0","left":"0","isLinked":true},"booking_messages_margin_mobile":{"unit":"px","top":"5","right":"15","bottom":"5","left":"15","isLinked":false},"apb_weekdays_vertical_gap":{"unit":"px","size":15,"sizes":[]},"fields_width":{"unit":"px","size":470,"sizes":[]},"labels_h_alignment":"center","labels_v_alignment":"center","field_messages_alignment":"center","booking_messages_border_border":"solid","booking_messages_border_width":{"unit":"px","top":"0","right":"0","bottom":"0","left":"0","isLinked":true},"booking_messages_border_color":"rgba(2, 1, 1, 0)","booking_messages_success_bg":"rgba(2, 1, 1, 0)","booking_messages_success_color":"rgba(2, 1, 1, 0)","booking_messages_error_bg":"rgba(2, 1, 1, 0)","booking_messages_error_color":"rgba(203, 0, 0, 0.95)","booking_messages_error_border_color":"rgba(2, 1, 1, 0)","booking_messages_padding":{"unit":"px","top":"0","right":"0","bottom":"0","left":"0","isLinked":true},"jedv_conditions":[{"_id":"ea44c9f"}]},"elements":[],"isInner":false,"widgetType":"jet-engine-booking-form","elType":"widget"}],"isInner":true,"elType":"column"}],"isInner":true,"elType":"section"}],"isInner":false,"elType":"column"}],"isInner":false,"elType":"section"}],"page_settings":{"jet_conditions":[],"conditions_top":"singular","conditions_sub_singular":"singular-post-type","conditions_singular-post-type_types":["doctors"],"preview_post_type":"doctors","preview_post_id":["176"]},"version":"0.4","title":"Single Doctor Page","type":"page"}