{"content":[{"id":"3c76743f","settings":{"jet_parallax_layout_list":[{"jet_parallax_layout_image":{"url":""},"_id":"c5b0585","jet_parallax_layout_image_tablet":{"url":"","id":""},"jet_parallax_layout_image_mobile":{"url":"","id":""},"jet_parallax_layout_speed":{"unit":"%","size":50,"sizes":[]},"jet_parallax_layout_type":"scroll","jet_parallax_layout_direction":"1","jet_parallax_layout_fx_direction":"fade-in","jet_parallax_layout_z_index":"","jet_parallax_layout_bg_x":50,"jet_parallax_layout_bg_y":50,"jet_parallax_layout_bg_size":"auto","jet_parallax_layout_animation_prop":"transform","jet_parallax_layout_on":["desktop","tablet"]}],"structure":"31","border_border":"solid","border_width":{"unit":"px","top":"0","right":"0","bottom":"1","left":"0","isLinked":false},"border_color":"#D6DFEC","border_radius":{"unit":"px","top":"0","right":"0","bottom":"0","left":"0","isLinked":false},"padding":{"unit":"px","top":"90","right":"0","bottom":"50","left":"0","isLinked":false},"padding_tablet":{"unit":"px","top":"40","right":"0","bottom":"30","left":"0","isLinked":false},"content_width":{"unit":"px","size":1190,"sizes":[]}},"elements":[{"id":"54f8d0e7","settings":{"_column_size":25,"_inline_size":null,"space_between_widgets":0,"_inline_size_tablet":100},"elements":[{"id":"6f06f253","settings":{"logo_type":"image","logo_image":{"url":"https:\/\/demo.crocoblock.com\/medcenter\/wp-content\/uploads\/2020\/03\/footer_logo.svg","id":677},"logo_alignment_tablet":"center","logo_alignment_mobile":"center","_padding_tablet":{"unit":"px","top":"0","right":"0","bottom":"20","left":"0","isLinked":false}},"elements":[],"isInner":false,"widgetType":"jet-logo","elType":"widget"}],"isInner":false,"elType":"column"},{"id":"465cece3","settings":{"_column_size":25,"_inline_size":null,"space_between_widgets":0,"_inline_size_tablet":33,"padding_tablet":{"unit":"px","top":"10","right":"10","bottom":"10","left":"30","isLinked":false},"padding_mobile":{"unit":"px","top":"10","right":"10","bottom":"10","left":"10","isLinked":true}},"elements":[{"id":"5d84dfbc","settings":{"title":"General Info","header_size":"h6","title_color":"#0A3380","typography_typography":"custom","typography_font_family":"Martel Sans","typography_font_size":{"unit":"px","size":18,"sizes":[]},"typography_font_weight":"700","typography_line_height":{"unit":"px","size":20,"sizes":[]},"_margin":{"unit":"px","top":"0","right":"0","bottom":"15","left":"0","isLinked":false},"_padding":{"unit":"px","top":"0","right":"0","bottom":"0","left":"0","isLinked":false},"align_mobile":"center"},"elements":[],"isInner":false,"widgetType":"heading","elType":"widget"},{"id":"278cb048","settings":{"icon_list":[{"text":"About","selected_icon":{"value":"","library":""},"_id":"bd3cdf2","link":{"url":"https:\/\/crocoblock.com\/about\/","is_external":"","nofollow":"","custom_attributes":""}},{"text":"Departments","selected_icon":{"value":"","library":""},"link":{"url":"https:\/\/demo.crocoblock.com\/medcenter\/departments\/","is_external":"","nofollow":"","custom_attributes":""},"_id":"5f6455b"},{"text":"Doctors","selected_icon":{"value":"","library":""},"link":{"url":"https:\/\/demo.crocoblock.com\/medcenter\/providers\/","is_external":"","nofollow":"","custom_attributes":""},"_id":"ba8e49c"},{"text":"Location","selected_icon":{"value":"","library":""},"link":{"url":"https:\/\/demo.crocoblock.com\/medcenter\/#location","is_external":"","nofollow":"","custom_attributes":""},"_id":"6ecb9e6"}],"text_color":"#607795","text_color_hover":"#2EA6F7","icon_typography_typography":"custom","icon_typography_font_family":"Martel Sans","icon_typography_font_size":{"unit":"px","size":16,"sizes":[]},"icon_typography_font_weight":"400","icon_typography_line_height":{"unit":"px","size":20,"sizes":[]},"icon_align_mobile":"center","icon_align_tablet":"left","space_between":{"unit":"px","size":15,"sizes":[]},"_margin":{"unit":"px","top":"7","right":"0","bottom":"0","left":"0","isLinked":false},"_element_width":"auto"},"elements":[],"isInner":false,"widgetType":"icon-list","elType":"widget"}],"isInner":false,"elType":"column"},{"id":"3d1e456b","settings":{"_column_size":50,"_inline_size":null,"space_between_widgets":0,"_inline_size_tablet":66},"elements":[{"id":"57f7ed93","settings":{"title":"Departments","header_size":"h6","title_color":"#0A3380","typography_typography":"custom","typography_font_family":"Martel Sans","typography_font_size":{"unit":"px","size":18,"sizes":[]},"typography_font_weight":"700","typography_line_height":{"unit":"px","size":20,"sizes":[]},"_margin":{"unit":"px","top":"0","right":"0","bottom":"15","left":"0","isLinked":false},"_padding":{"unit":"px","top":"0","right":"0","bottom":"0","left":"0","isLinked":false},"align_mobile":"center"},"elements":[],"isInner":false,"widgetType":"heading","elType":"widget"},{"id":"7a85b2ef","settings":{"lisitng_id":"243","posts_num":18,"not_found_message":"No data was found","horizontal_gap":{"unit":"px","size":25,"sizes":[]},"vertical_gap":{"unit":"px","size":0,"sizes":[]},"columns_tablet":"2","columns_mobile":"1","horizontal_gap_mobile":{"unit":"px","size":0,"sizes":[]}},"elements":[],"isInner":false,"widgetType":"jet-listing-grid","elType":"widget"}],"isInner":false,"elType":"column"}],"isInner":false,"elType":"section"},{"id":"15c63e02","settings":{"jet_parallax_layout_list":[{"jet_parallax_layout_image":{"url":""},"_id":"ef13714","jet_parallax_layout_image_tablet":{"url":"","id":""},"jet_parallax_layout_image_mobile":{"url":"","id":""},"jet_parallax_layout_speed":{"unit":"%","size":50,"sizes":[]},"jet_parallax_layout_type":"scroll","jet_parallax_layout_direction":"1","jet_parallax_layout_fx_direction":"fade-in","jet_parallax_layout_z_index":"","jet_parallax_layout_bg_x":50,"jet_parallax_layout_bg_y":50,"jet_parallax_layout_bg_size":"auto","jet_parallax_layout_animation_prop":"transform","jet_parallax_layout_on":["desktop","tablet"]}],"structure":"20","margin":{"unit":"px","top":"0","right":0,"bottom":"0","left":0,"isLinked":false},"padding":{"unit":"px","top":"7","right":"0","bottom":"7","left":"0","isLinked":false},"content_width":{"unit":"px","size":1190,"sizes":[]}},"elements":[{"id":"2353865a","settings":{"_column_size":50,"_inline_size":null,"space_between_widgets":0,"_inline_size_tablet":100,"column_order_tablet":2},"elements":[{"id":"7441e16c","settings":{"title":"Copyright \u00a9 2020 powered by Crocoblock, Inc. All rights reserved","header_size":"span","title_color":"#607795","typography_typography":"custom","typography_font_family":"Martel Sans","typography_font_size":{"unit":"px","size":14,"sizes":[]},"typography_font_weight":"400","typography_line_height":{"unit":"px","size":20,"sizes":[]},"align_mobile":"center","align_tablet":"center"},"elements":[],"isInner":false,"widgetType":"heading","elType":"widget"}],"isInner":false,"elType":"column"},{"id":"38a8cbff","settings":{"_column_size":50,"_inline_size":null,"space_between_widgets":0,"_inline_size_tablet":100},"elements":[{"id":"837e52b","settings":{"social_icon_list":[{"social_icon":{"value":"fab fa-youtube","library":"fa-brands"},"_id":"7e7304f","link":{"url":"https:\/\/www.youtube.com\/channel\/UClbIlkP6078-DapTSPwYy7Q","is_external":"true","nofollow":"","custom_attributes":""},"item_icon_color":"default","item_icon_primary_color":"","item_icon_secondary_color":""},{"social_icon":{"value":"fab fa-facebook-f","library":"fa-brands"},"_id":"11678bd","link":{"url":"https:\/\/www.facebook.com\/crocoblock\/","is_external":"true","nofollow":"","custom_attributes":""},"item_icon_color":"default","item_icon_primary_color":"","item_icon_secondary_color":""},{"social_icon":{"value":"fab fa-instagram","library":"fa-brands"},"_id":"7f85e2d","link":{"url":"https:\/\/www.instagram.com\/mrcrocoblock\/","is_external":"true","nofollow":"","custom_attributes":""},"item_icon_color":"default","item_icon_primary_color":"","item_icon_secondary_color":""}],"align":"right","icon_color":"custom","icon_primary_color":"#F5F5F5","icon_secondary_color":"#607795","icon_size":{"unit":"px","size":18,"sizes":[]},"icon_padding":{"unit":"em","size":0,"sizes":[]},"icon_spacing":{"unit":"px","size":15,"sizes":[]},"border_radius":{"unit":"px","top":"0","right":"0","bottom":"0","left":"0","isLinked":false},"hover_secondary_color":"#FF9E21","align_mobile":"center","align_tablet":"center"},"elements":[],"isInner":false,"widgetType":"social-icons","elType":"widget"}],"isInner":false,"elType":"column"}],"isInner":false,"elType":"section"}],"page_settings":{"jet_conditions":[],"conditions_top":"entire"},"version":"0.4","title":"Footer","type":"jet_footer"}