{"content":[{"id":"33460dd2","settings":{"jet_parallax_layout_list":[{"jet_parallax_layout_image":{"url":""},"_id":"111a7c7","jet_parallax_layout_image_tablet":{"url":"","id":""},"jet_parallax_layout_image_mobile":{"url":"","id":""},"jet_parallax_layout_speed":{"unit":"%","size":50,"sizes":[]},"jet_parallax_layout_type":"scroll","jet_parallax_layout_direction":"1","jet_parallax_layout_fx_direction":"fade-in","jet_parallax_layout_z_index":"","jet_parallax_layout_bg_x":50,"jet_parallax_layout_bg_y":50,"jet_parallax_layout_bg_size":"auto","jet_parallax_layout_animation_prop":"transform","jet_parallax_layout_on":["desktop","tablet"]}],"structure":"20","background_background":"classic","background_color":"#2EA6F7","padding":{"unit":"px","top":"9","right":"0","bottom":"9","left":"0","isLinked":false},"content_width":{"unit":"px","size":1190,"sizes":[]},"jedv_conditions":[{"jedv_condition":"","_id":"9295037","jedv_user_role":"","jedv_field":"","jedv_value":"","jedv_data_type":"chars"}]},"elements":[{"id":"7662160b","settings":{"_column_size":50,"_inline_size":null,"content_position":"center","space_between_widgets":0,"padding":{"unit":"px","top":"0","right":"10","bottom":"0","left":"10","isLinked":false},"jedv_conditions":[{"jedv_condition":"","_id":"b975cc2","jedv_user_role":"","jedv_field":"","jedv_value":"","jedv_data_type":"chars"}]},"elements":[{"id":"6e315863","settings":{"first_part":"Visit Us Daily:","second_part":" 9:00 AM - 06:00 PM\n","selected_before_icon":{"value":{"url":"https:\/\/demo.crocoblock.com\/medcenter\/wp-content\/uploads\/2020\/03\/clock-2-1.svg","id":741},"library":"svg"},"instance_alignment_horizontal":"flex-start","use_space_between":"","instance_margin":{"unit":"px","top":"0","right":"0","bottom":"0","left":"0","isLinked":true},"instance_border_radius":{"unit":"px","top":"0","right":"0","bottom":"0","left":"0","isLinked":false},"first_color":"#FFFFFF","first_typography_typography":"custom","first_typography_font_family":"Martel Sans","first_typography_font_size":{"unit":"px","size":14,"sizes":[]},"first_typography_font_weight":"normal","first_typography_line_height":{"unit":"px","size":18,"sizes":[]},"second_color":"#FFFFFF","second_typography_typography":"custom","second_typography_font_family":"Martel Sans","second_typography_font_size":{"unit":"px","size":14,"sizes":[]},"second_typography_font_weight":"700","second_typography_line_height":{"unit":"px","size":18,"sizes":[]},"second_padding":{"unit":"px","top":"0","right":"0","bottom":"0","left":"0","isLinked":false},"second_margin":{"unit":"px","top":"0","right":"0","bottom":"0","left":"5","isLinked":false},"second_border_radius":{"unit":"px","top":"0","right":"0","bottom":"0","left":"0","isLinked":false},"before_icon_size":{"unit":"px","size":20,"sizes":[]},"instance_alignment_horizontal_mobile":"center","before_deco_alignment":"center","jedv_conditions":[{"jedv_condition":"","_id":"cfc9f9c","jedv_user_role":"","jedv_field":"","jedv_value":"","jedv_data_type":"chars"}]},"elements":[],"isInner":false,"widgetType":"jet-headline","elType":"widget"}],"isInner":false,"elType":"column"},{"id":"2f0fc2e4","settings":{"_column_size":50,"_inline_size":null,"content_position":"center","space_between_widgets":0,"padding":{"unit":"px","top":"0","right":"10","bottom":"0","left":"10","isLinked":false},"jedv_conditions":[{"jedv_condition":"","_id":"2eae292","jedv_user_role":"","jedv_field":"","jedv_value":"","jedv_data_type":"chars"}]},"elements":[{"id":"3fb6b071","settings":{"first_part":"100 Orchard St, New York,","second_part":"NY 10002, USA\n","selected_before_icon":{"value":{"url":"https:\/\/demo.crocoblock.com\/medcenter\/wp-content\/uploads\/2020\/03\/marker-1.svg","id":594},"library":"svg"},"instance_alignment_horizontal":"flex-end","use_space_between":"","instance_padding":{"unit":"px","top":"0","right":"0","bottom":"0","left":"0","isLinked":false},"instance_margin":{"unit":"px","top":"0","right":"0","bottom":"0","left":"0","isLinked":false},"instance_border_radius":{"unit":"px","top":"0","right":"0","bottom":"0","left":"0","isLinked":false},"first_color":"#FFFFFF","first_typography_typography":"custom","first_typography_font_family":"Martel Sans","first_typography_font_size":{"unit":"px","size":14,"sizes":[]},"first_typography_font_weight":"normal","first_typography_line_height":{"unit":"px","size":18,"sizes":[]},"second_color":"#FFFFFF","second_typography_typography":"custom","second_typography_font_family":"Martel Sans","second_typography_font_size":{"unit":"px","size":14,"sizes":[]},"second_typography_font_weight":"normal","second_typography_line_height":{"unit":"px","size":18,"sizes":[]},"second_padding":{"unit":"px","top":"0","right":"0","bottom":"0","left":"0","isLinked":false},"second_margin":{"unit":"px","top":"0","right":"0","bottom":"0","left":"5","isLinked":false},"second_border_radius":{"unit":"px","top":"0","right":"0","bottom":"0","left":"0","isLinked":false},"before_icon_size":{"unit":"px","size":20,"sizes":[]},"before_deco_margin":{"unit":"px","top":"0","right":"10","bottom":"0","left":"0","isLinked":false},"instance_alignment_horizontal_mobile":"center","_padding":{"unit":"px","top":"0","right":"0","bottom":"0","left":"0","isLinked":false},"jedv_conditions":[{"jedv_condition":"","_id":"0473a6e","jedv_user_role":"","jedv_field":"","jedv_value":"","jedv_data_type":"chars"}]},"elements":[],"isInner":false,"widgetType":"jet-headline","elType":"widget"}],"isInner":false,"elType":"column"}],"isInner":false,"elType":"section"},{"id":"1b7b8b8a","settings":{"jet_parallax_layout_list":[{"jet_parallax_layout_image":{"url":""},"_id":"6a79596","jet_parallax_layout_image_tablet":{"url":"","id":""},"jet_parallax_layout_image_mobile":{"url":"","id":""},"jet_parallax_layout_speed":{"unit":"%","size":50,"sizes":[]},"jet_parallax_layout_type":"scroll","jet_parallax_layout_direction":"1","jet_parallax_layout_fx_direction":"fade-in","jet_parallax_layout_z_index":"","jet_parallax_layout_bg_x":50,"jet_parallax_layout_bg_y":50,"jet_parallax_layout_bg_size":"auto","jet_parallax_layout_animation_prop":"transform","jet_parallax_layout_on":["desktop","tablet"]}],"structure":"30","margin":{"unit":"px","top":"0","right":0,"bottom":"0","left":0,"isLinked":false},"padding":{"unit":"px","top":"11","right":"0","bottom":"9","left":"0","isLinked":false},"jet_sticky_section_visibility":["desktop"],"jet_sticky_section_background_background":"classic","jet_sticky_section_background_color":"#FFFFFF","jet_sticky_section_box_shadow_box_shadow_type":"yes","jet_sticky_section_box_shadow_box_shadow":{"horizontal":0,"vertical":0,"blur":10,"spread":0,"color":"rgba(0, 0, 0, 0.15)"},"content_width":{"unit":"px","size":1190,"sizes":[]},"background_background":"classic","background_color":"#FFFFFF","jedv_conditions":[{"jedv_condition":"","_id":"3a87f5f","jedv_user_role":"","jedv_field":"","jedv_value":"","jedv_data_type":"chars"}]},"elements":[{"id":"799ada61","settings":{"_column_size":33,"_inline_size":15.5,"space_between_widgets":0,"margin":{"unit":"px","top":"0","right":"0","bottom":"0","left":"0","isLinked":false},"padding":{"unit":"px","top":"13","right":"10","bottom":"10","left":"10","isLinked":false},"_inline_size_tablet":100,"jedv_conditions":[{"jedv_condition":"","_id":"e99cf08","jedv_user_role":"","jedv_field":"","jedv_value":"","jedv_data_type":"chars"}]},"elements":[{"id":"74d494f","settings":{"logo_type":"image","logo_image":{"url":"https:\/\/demo.crocoblock.com\/medcenter\/wp-content\/uploads\/2020\/04\/logo.svg","id":824},"logo_alignment_mobile":"center","logo_alignment_tablet":"center","_margin":{"unit":"px","top":"0","right":"0","bottom":"0","left":"0","isLinked":false},"_padding":{"unit":"px","top":"0","right":"0","bottom":"0","left":"0","isLinked":false},"jedv_conditions":[{"jedv_condition":"","_id":"3d290b0","jedv_user_role":"","jedv_field":"","jedv_value":"","jedv_data_type":"chars"}],"logo_image_2x":{"url":"https:\/\/demo.crocoblock.com\/medcenter\/wp-content\/uploads\/2020\/03\/logo-retina.png","id":1055}},"elements":[],"isInner":false,"widgetType":"jet-logo","elType":"widget"}],"isInner":false,"elType":"column"},{"id":"5f773313","settings":{"_column_size":33,"_inline_size":58.832,"content_position":"center","space_between_widgets":0,"_inline_size_tablet":100,"jedv_conditions":[{"jedv_condition":"","_id":"17e6745","jedv_user_role":"","jedv_field":"","jedv_value":"","jedv_data_type":"chars"}]},"elements":[{"id":"158aa351","settings":{"nav_items_color":"#0A3380","nav_items_typography_typography":"custom","nav_items_typography_font_family":"Martel Sans","nav_items_typography_font_size":{"unit":"px","size":16,"sizes":[]},"nav_items_typography_font_weight":"600","nav_items_typography_line_height":{"unit":"px","size":20,"sizes":[]},"nav_items_color_hover":"#2EA6F7","nav_items_color_active":"#2EA6F7","nav_items_padding":{"unit":"px","top":"0","right":"0","bottom":"0","left":"0","isLinked":false},"menu_alignment_tablet":"center","menu_alignment_mobile":"flex-start","nav_items_margin":{"unit":"px","top":"0","right":"25","bottom":"0","left":"0","isLinked":false},"nav_items_margin_tablet":{"unit":"px","top":"0","right":"0","bottom":"0","left":"20","isLinked":false},"nav_items_margin_mobile":{"unit":"px","top":"0","right":"0","bottom":"20","left":"20","isLinked":false},"mobile_trigger_color":"#0A3380","mobile_trigger_color_hover":"#FF9E21","_background_background":"classic","_border_border":"solid","_border_width":{"unit":"px","top":"0","right":"0","bottom":"0","left":"0","isLinked":true},"_border_width_tablet":{"unit":"px","top":"0","right":"0","bottom":"0","left":"0","isLinked":true},"_border_width_mobile":{"unit":"px","top":"1","right":"1","bottom":"1","left":"1","isLinked":true},"_border_color":"#D6DFEC","_border_hover_border":"solid","_border_hover_width_mobile":{"unit":"px","top":"1","right":"1","bottom":"1","left":"1","isLinked":true},"jedv_conditions":[{"jedv_condition":"","_id":"d3ec240","jedv_user_role":"","jedv_field":"","jedv_value":"","jedv_data_type":"chars"}]},"elements":[],"isInner":false,"widgetType":"jet-nav-menu","elType":"widget"}],"isInner":false,"elType":"column"},{"id":"cc34788","settings":{"_column_size":33,"_inline_size":25,"space_between_widgets":0,"_inline_size_tablet":100,"padding":{"unit":"px","top":"10","right":"5","bottom":"10","left":"10","isLinked":false},"align_mobile":"center","align_tablet":"center","padding_tablet":{"unit":"px","top":"10","right":"10","bottom":"10","left":"10","isLinked":true},"jedv_conditions":[{"jedv_condition":"","_id":"deb00f9","jedv_user_role":"","jedv_field":"","jedv_value":"","jedv_data_type":"chars"}]},"elements":[{"id":"53e8d70b","settings":{"button_label_normal":"Make an Appointment","button_label_hover":"Make an Appointment","button_alignment":"flex-end","button_margin":{"unit":"px","top":"0","right":"0","bottom":"0","left":"0","isLinked":false},"normal_border_radius":{"unit":"px","top":"0","right":"0","bottom":"0","left":"0","isLinked":false},"button_padding":{"unit":"px","top":"14","right":"30","bottom":"11","left":"30","isLinked":false},"normal_plane_background_background":"classic","normal_plane_background_color":"#FF9E21","normal_plane_border_radius":{"unit":"px","top":"0","right":"0","bottom":"0","left":"0","isLinked":false},"plane_hover_background_background":"classic","plane_hover_background_color":"#2EA6F7","plane_hover_border_radius":{"unit":"px","top":"0","right":"0","bottom":"0","left":"0","isLinked":false},"label_text_alignment":"center","label_margin":{"unit":"px","top":"0","right":"0","bottom":"0","left":"0","isLinked":false},"normal_label_color":"#FFFFFF","normal_label_typography_typography":"custom","normal_label_typography_font_family":"Martel Sans","normal_label_typography_font_size":{"unit":"px","size":16,"sizes":[]},"normal_label_typography_font_weight":"800","normal_label_typography_text_transform":"uppercase","normal_label_typography_line_height":{"unit":"px","size":24,"sizes":[]},"hover_label_typography_typography":"custom","hover_label_typography_font_family":"Martel Sans","hover_label_typography_font_size":{"unit":"px","size":16,"sizes":[]},"hover_label_typography_font_weight":"800","hover_label_typography_text_transform":"uppercase","hover_label_typography_line_height":{"unit":"px","size":24,"sizes":[]},"button_alignment_mobile":"center","button_alignment_tablet":"flex-start","jet_attached_popup":"453","_margin":{"unit":"px","top":"0","right":"0","bottom":"0","left":"0","isLinked":false},"_padding":{"unit":"px","top":"0","right":"0","bottom":"0","left":"0","isLinked":false},"_element_width_tablet":"auto","jedv_enabled":"yes","jedv_type":"hide","jedv_conditions":[{"jedv_condition":"single-post-type","_id":"1e4fa1b","jedv_user_role":"","jedv_field":"","jedv_value":"doctors, departments-and-serv","jedv_data_type":"chars"}]},"elements":[],"isInner":false,"widgetType":"jet-button","elType":"widget"},{"id":"7649de45","settings":{"title":"Call for an appointment","header_size":"span","align":"right","title_color":"#0A3380","typography_typography":"custom","typography_font_family":"Martel Sans","typography_font_size":{"unit":"px","size":12,"sizes":[]},"typography_font_weight":"600","typography_text_transform":"uppercase","typography_line_height":{"unit":"px","size":20,"sizes":[]},"typography_letter_spacing":{"unit":"px","size":-0.2,"sizes":[]},"_margin":{"unit":"px","top":"0","right":"0","bottom":"0","left":"0","isLinked":false},"_padding":{"unit":"px","top":"0","right":"0","bottom":"0","left":"0","isLinked":false},"align_tablet":"center","align_mobile":"center","jedv_enabled":"yes","jedv_conditions":[{"jedv_condition":"single-post-type","_id":"0d70040","jedv_user_role":"","jedv_field":"","jedv_value":"doctors, departments-and-serv","jedv_data_type":"chars"}]},"elements":[],"isInner":false,"widgetType":"heading","elType":"widget"},{"id":"2481b38a","settings":{"icon_list":[{"text":"+1 800 852 3456","selected_icon":{"value":"","library":""},"_id":"5850db0","link":{"url":"tel:+18008523456","is_external":"","nofollow":"","custom_attributes":""}}],"icon_size":{"unit":"px","size":16,"sizes":[]},"text_color":"#2EA6F7","text_color_hover":"#0A3380","text_indent":{"unit":"px","size":0,"sizes":[]},"icon_typography_typography":"custom","icon_typography_font_family":"Martel Sans","icon_typography_font_size":{"unit":"px","size":24,"sizes":[]},"icon_typography_font_weight":"800","icon_typography_line_height":{"unit":"px","size":24,"sizes":[]},"icon_align":"right","icon_align_mobile":"center","icon_color":"#165672","icon_typography_font_size_tablet":{"unit":"px","size":20,"sizes":[]},"icon_typography_line_height_tablet":{"unit":"px","size":20,"sizes":[]},"icon_align_tablet":"center","icon_typography_line_height_mobile":{"unit":"px","size":25,"sizes":[]},"_element_width_tablet":"auto","jedv_enabled":"yes","jedv_conditions":[{"jedv_condition":"single-post-type","_id":"1f63e21","jedv_user_role":"","jedv_field":"","jedv_value":"doctors, departments-and-serv","jedv_data_type":"chars"}]},"elements":[],"isInner":false,"widgetType":"icon-list","elType":"widget"}],"isInner":false,"elType":"column"}],"isInner":false,"elType":"section"}],"page_settings":{"jet_conditions":[],"conditions_top":"entire"},"version":"0.4","title":"Header","type":"jet_header"}